[
{
  "_id" : "56fb860e71a0651b0c306f55",
  "Language" : "English",
  "Box_office" : "290,158,751",
  "Country" : "USA",
  "Rated" : "PG",
  "imdbID" : "tt0080684",
  "Awards" : "Won 1 Oscar. Another 15 wins & 18 nominations.",
  "Poster" : "http://ia.media-imdb.com/images/M/MV5BMjE2MzQwMTgxN15BMl5BanBnXkFtZTcwMDQzNjk2OQ@@._V1_SX300.jpg",
  "Director" : "Irvin Kershner",
  "Released" : "20 Jun 1980",
  "Writer" : "Leigh Brackett (screenplay), Lawrence Kasdan (screenplay), George Lucas (story)",
  "imdbVotes" : "799,579",
  "Runtime" : "124 min",
  "Response" : "True",
  "imdbRating" : "8.8",
  "Title" : "Star Wars: Episode V - The Empire Strikes Back",
  "Genre" : "Action, Adventure, Fantasy",
  "Actors" : "Mark Hamill, Harrison Ford, Carrie Fisher, Billy Dee Williams",
  "Type" : "movie",
  "Metascore" : "79"
},
{
  "_id" : "56fb860e71a0651b0c306f56",
  "Language" : "English",
  "Box_office" : "101,500,000",
  "Country" : "USA",
  "Rated" : "R",
  "imdbID" : "tt0081562",
  "Awards" : "1 nomination.",
  "Poster" : "http://ia.media-imdb.com/images/M/MV5BMTM4OTI3MTYxNl5BMl5BanBnXkFtZTcwMTA1NDkyMQ@@._V1_SX300.jpg",
  "Director" : "Sidney Poitier",
  "Released" : "12 Dec 1980",
  "Writer" : "Bruce Jay Friedman",
  "imdbVotes" : "17,705",
  "Runtime" : "111 min",
  "Response" : "True",
  "imdbRating" : "6.8",
  "Title" : "Stir Crazy",
  "Genre" : "Comedy, Crime",
  "Actors" : "Gene Wilder, Richard Pryor, Georg Stanford Brown, JoBeth Williams",
  "Type" : "movie",
  "Metascore" : "50"
},
{
  "_id" : "56fb860e71a0651b0c306f57",
  "Language" : "English",
  "Box_office" : "83,400,000",
  "Country" : "USA",
  "Rated" : "PG",
  "imdbID" : "tt0080339",
  "Awards" : "Nominated for 1 Golden Globe. Another 2 wins & 6 nominations.",
  "Poster" : "http://ia.media-imdb.com/images/M/MV5BNDU2MjE4MTcwNl5BMl5BanBnXkFtZTgwNDExOTMxMDE@._V1_SX300.jpg",
  "Director" : "Jim Abrahams, David Zucker, Jerry Zucker",
  "Released" : "02 Jul 1980",
  "Writer" : "Jim Abrahams (written for the screen by), David Zucker (written for the screen by), Jerry Zucker (written for the screen by)",
  "imdbVotes" : "154,994",
  "Runtime" : "88 min",
  "Response" : "True",
  "imdbRating" : "7.8",
  "Title" : "Airplane!",
  "Genre" : "Comedy",
  "Actors" : "Kareem Abdul-Jabbar, Lloyd Bridges, Peter Graves, Julie Hagerty",
  "Type" : "movie",
  "Metascore" : "N/A"
},
{
  "_id" : "56fb860e71a0651b0c306f58",
  "Language" : "English",
  "Box_office" : null,
  "Country" : "USA",
  "Rated" : "PG",
  "imdbID" : "tt0080377",
  "Awards" : "1 win.",
  "Poster" : "http://ia.media-imdb.com/images/M/MV5BMTc5MTc5NTc3Nl5BMl5BanBnXkFtZTcwMDM3MDUyMQ@@._V1_SX300.jpg",
  "Director" : "Buddy Van Horn",
  "Released" : "17 Dec 1980",
  "Writer" : "Jeremy Joe Kronsberg (characters), Stanford Sherman",
  "imdbVotes" : "12,639",
  "Runtime" : "116 min",
  "Response" : "True",
  "imdbRating" : "6.0",
  "Title" : "Any Which Way You Can",
  "Genre" : "Action, Comedy",
  "Actors" : "Clint Eastwood, Sondra Locke, Geoffrey Lewis, William Smith",
  "Type" : "movie",
  "Metascore" : "N/A"
},
{
  "_id" : "56fb860e71a0651b0c306f59",
  "Language" : "English",
  "Box_office" : "69,800,000",
  "Country" : "USA",
  "Rated" : "R",
  "imdbID" : "tt0081375",
  "Awards" : "Nominated for 3 Oscars. Another 1 win & 3 nominations.",
  "Poster" : "http://ia.media-imdb.com/images/M/MV5BMjIyNjkxMjUyMF5BMl5BanBnXkFtZTgwMzU0MjEyMDE@._V1_SX300.jpg",
  "Director" : "Howard Zieff",
  "Released" : "10 Oct 1980",
  "Writer" : "Nancy Meyers, Charles Shyer, Harvey Miller",
  "imdbVotes" : "17,591",
  "Runtime" : "109 min",
  "Response" : "True",
  "imdbRating" : "6.1",
  "Title" : "Private Benjamin",
  "Genre" : "Comedy, War",
  "Actors" : "Goldie Hawn, Eileen Brennan, Armand Assante, Robert Webber",
  "Type" : "movie",
  "Metascore" : "N/A"
},
{
  "_id" : "56fb860e71a0651b0c306f5a",
  "Language" : "English",
  "Box_office" : "79,900,000",
  "Country" : "USA",
  "Rated" : "PG",
  "imdbID" : "tt0080549",
  "Awards" : "Won 1 Oscar. Another 8 wins & 13 nominations.",
  "Poster" : "http://ia.media-imdb.com/images/M/MV5BMTkwMjUxNTczNV5BMl5BanBnXkFtZTgwNjg2MDM0MDE@._V1_SX300.jpg",
  "Director" : "Michael Apted",
  "Released" : "07 Mar 1980",
  "Writer" : "Thomas Rickman (screenplay), Loretta Lynn (autobiography), George Vecsey (autobiography)",
  "imdbVotes" : "12,692",
  "Runtime" : "124 min",
  "Response" : "True",
  "imdbRating" : "7.5",
  "Title" : "Coal Miner's Daughter",
  "Genre" : "Biography, Drama, Music",
  "Actors" : "Sissy Spacek, Tommy Lee Jones, Levon Helm, Phyllis Boyens",
  "Type" : "movie",
  "Metascore" : "N/A"
},
{
  "_id" : "56fb860e71a0651b0c306f5b",
  "Language" : "English, Spanish",
  "Box_office" : "66,100,000",
  "Country" : "USA",
  "Rated" : "PG",
  "imdbID" : "tt0081529",
  "Awards" : "1 win & 4 nominations.",
  "Poster" : "http://ia.media-imdb.com/images/M/MV5BMTc3MjUwOTUyMl5BMl5BanBnXkFtZTcwNDk4NTcxMQ@@._V1_SX300.jpg",
  "Director" : "Hal Needham",
  "Released" : "15 Aug 1980",
  "Writer" : "Hal Needham (characters created by), Robert L. Levy (characters created by), Jerry Belson (screenplay), Brock Yates (screenplay), Michael Kane (story)",
  "imdbVotes" : "10,818",
  "Runtime" : "100 min",
  "Response" : "True",
  "imdbRating" : "5.1",
  "Title" : "Smokey and the Bandit II",
  "Genre" : "Action, Comedy",
  "Actors" : "Burt Reynolds, Jackie Gleason, Jerry Reed, Dom DeLuise",
  "Type" : "movie",
  "Metascore" : "N/A"
},
{
  "_id" : "56fb860e71a0651b0c306f5c",
  "Language" : "English",
  "Box_office" : null,
  "Country" : "USA",
  "Rated" : "R",
  "imdbID" : "tt0080453",
  "Awards" : "Nominated for 1 Oscar. Another 3 wins & 7 nominations.",
  "Poster" : "http://ia.media-imdb.com/images/M/MV5BMTQwNTM5MDU2OF5BMl5BanBnXkFtZTgwNjI0OTgzMTE@._V1_SX300.jpg",
  "Director" : "Randal Kleiser",
  "Released" : "02 Jul 1980",
  "Writer" : "Henry De Vere Stacpoole (novel), Douglas Day Stewart",
  "imdbVotes" : "48,868",
  "Runtime" : "104 min",
  "Response" : "True",
  "imdbRating" : "5.7",
  "Title" : "The Blue Lagoon",
  "Genre" : "Adventure, Drama, Romance",
  "Actors" : "Brooke Shields, Christopher Atkins, Leo McKern, William Daniels",
  "Type" : "movie",
  "Metascore" : "N/A"
},
{
  "_id" : "56fb860e71a0651b0c306f5d",
  "Language" : "English",
  "Box_office" : "54,200,000",
  "Country" : "USA",
  "Rated" : "R",
  "imdbID" : "tt0080455",
  "Awards" : "1 win.",
  "Poster" : "http://ia.media-imdb.com/images/M/MV5BMTM1Mjk3OTQ0M15BMl5BanBnXkFtZTYwMDA4MTY5._V1_SX300.jpg",
  "Director" : "John Landis",
  "Released" : "20 Jun 1980",
  "Writer" : "Dan Aykroyd, John Landis",
  "imdbVotes" : "138,196",
  "Runtime" : "133 min",
  "Response" : "True",
  "imdbRating" : "7.9",
  "Title" : "The Blues Brothers",
  "Genre" : "Action, Comedy, Crime",
  "Actors" : "John Belushi, Dan Aykroyd, James Brown, Cab Calloway",
  "Type" : "movie",
  "Metascore" : "N/A"
},
{
  "_id" : "56fb860e71a0651b0c306f5e",
  "Language" : "English",
  "Box_office" : "54,800,000",
  "Country" : "USA",
  "Rated" : "R",
  "imdbID" : "tt0081283",
  "Awards" : "Won 4 Oscars. Another 15 wins & 14 nominations.",
  "Poster" : "http://ia.media-imdb.com/images/M/MV5BNTQwNTc4NzYxNl5BMl5BanBnXkFtZTgwMDEzMjEyMDE@._V1_SX300.jpg",
  "Director" : "Robert Redford",
  "Released" : "27 Feb 1981",
  "Writer" : "Judith Guest (novel), Alvin Sargent (screenplay)",
  "imdbVotes" : "34,021",
  "Runtime" : "124 min",
  "Response" : "True",
  "imdbRating" : "7.8",
  "Title" : "Ordinary People",
  "Genre" : "Drama",
  "Actors" : "Donald Sutherland, Mary Tyler Moore, Judd Hirsch, Timothy Hutton",
  "Type" : "movie",
  "Metascore" : "85"
},
{
  "_id" : "56fb860e71a0651b0c306f5f",
  "Language" : "English",
  "Box_office" : "50,000,000",
  "Country" : "USA",
  "Rated" : "PG",
  "imdbID" : "tt0081353",
  "Awards" : "3 wins & 4 nominations.",
  "Poster" : "http://ia.media-imdb.com/images/M/MV5BMTgzNjYyMTE4OV5BMl5BanBnXkFtZTcwODU0MDAwMQ@@._V1_SX300.jpg",
  "Director" : "Robert Altman",
  "Released" : "12 Dec 1980",
  "Writer" : "Jules Feiffer (screenplay), E.C. Segar (based on characters by)",
  "imdbVotes" : "23,315",
  "Runtime" : "114 min",
  "Response" : "True",
  "imdbRating" : "5.2",
  "Title" : "Popeye",
  "Genre" : "Adventure, Comedy, Family",
  "Actors" : "Robin Williams, Shelley Duvall, Ray Walston, Paul Dooley",
  "Type" : "movie",
  "Metascore" : "48"
},
{
  "_id" : "56fb860e71a0651b0c306f60",
  "Language" : "English",
  "Box_office" : null,
  "Country" : "USA",
  "Rated" : "PG",
  "imdbID" : "tt0081696",
  "Awards" : "Nominated for 2 Golden Globes. Another 4 nominations.",
  "Poster" : "http://ia.media-imdb.com/images/M/MV5BMTM5OTk1NjkwMV5BMl5BanBnXkFtZTgwMzg0MjEyMDE@._V1_SX300.jpg",
  "Director" : "James Bridges",
  "Released" : "06 Jun 1980",
  "Writer" : "Aaron Latham (story), James Bridges (screenplay), Aaron Latham (screenplay)",
  "imdbVotes" : "9,810",
  "Runtime" : "132 min",
  "Response" : "True",
  "imdbRating" : "6.2",
  "Title" : "Urban Cowboy",
  "Genre" : "Drama, Romance, Western",
  "Actors" : "John Travolta, Debra Winger, Scott Glenn, Madolyn Smith Osborne",
  "Type" : "movie",
  "Metascore" : "N/A"
},
{
  "_id" : "56fb860e71a0651b0c306f61",
  "Language" : "English",
  "Box_office" : null,
  "Country" : "USA, UK",
  "Rated" : "R",
  "imdbID" : "tt0081505",
  "Awards" : "3 wins & 5 nominations.",
  "Poster" : "http://ia.media-imdb.com/images/M/MV5BODMxMjE3NTA4Ml5BMl5BanBnXkFtZTgwNDc0NTIxMDE@._V1_SX300.jpg",
  "Director" : "Stanley Kubrick",
  "Released" : "23 May 1980",
  "Writer" : "Stephen King (novel), Stanley Kubrick (screenplay), Diane Johnson (screenplay)",
  "imdbVotes" : "584,323",
  "Runtime" : "146 min",
  "Response" : "True",
  "imdbRating" : "8.4",
  "Title" : "The Shining",
  "Genre" : "Drama, Horror",
  "Actors" : "Jack Nicholson, Shelley Duvall, Danny Lloyd, Scatman Crothers",
  "Type" : "movie",
  "Metascore" : "61"
},
{
  "_id" : "56fb860e71a0651b0c306f62",
  "Language" : "English, Spanish",
  "Box_office" : null,
  "Country" : "USA",
  "Rated" : "PG",
  "imdbID" : "tt0081480",
  "Awards" : "1 nomination.",
  "Poster" : "http://ia.media-imdb.com/images/M/MV5BMjA4NDExODQ2NF5BMl5BanBnXkFtZTcwODQzNDkyMQ@@._V1_SX300.jpg",
  "Director" : "Jay Sandrich",
  "Released" : "19 Dec 1980",
  "Writer" : "Neil Simon",
  "imdbVotes" : "6,455",
  "Runtime" : "100 min",
  "Response" : "True",
  "imdbRating" : "6.7",
  "Title" : "Seems Like Old Times",
  "Genre" : "Comedy, Romance",
  "Actors" : "Goldie Hawn, Chevy Chase, Charles Grodin, Robert Guillaume",
  "Type" : "movie",
  "Metascore" : "N/A"
},
{
  "_id" : "56fb860e71a0651b0c306f63",
  "Language" : "English",
  "Box_office" : null,
  "Country" : "USA",
  "Rated" : "R",
  "imdbID" : "tt0080520",
  "Awards" : "1 nomination.",
  "Poster" : "http://ia.media-imdb.com/images/M/MV5BMTMxOTk2MzYxOV5BMl5BanBnXkFtZTcwMDMyOTQyMQ@@._V1_SX300.jpg",
  "Director" : "Tommy Chong",
  "Released" : "18 Jul 1980",
  "Writer" : "Tommy Chong, Cheech Marin",
  "imdbVotes" : "8,777",
  "Runtime" : "99 min",
  "Response" : "True",
  "imdbRating" : "6.1",
  "Title" : "Cheech and Chong's Next Movie",
  "Genre" : "Comedy, Crime, Sci-Fi",
  "Actors" : "Cheech Marin, Tommy Chong, Evelyn Guerrero, Betty Kennedy",
  "Type" : "movie",
  "Metascore" : "N/A"
},
{
  "_id" : "56fb860e71a0651b0c306f64",
  "Language" : "English",
  "Box_office" : "39,800,000",
  "Country" : "USA",
  "Rated" : "R",
  "imdbID" : "tt0080487",
  "Awards" : "1 nomination.",
  "Poster" : "http://ia.media-imdb.com/images/M/MV5BNzk2OTE2NjYxNF5BMl5BanBnXkFtZTYwMjYwNDQ5._V1._CR8,0,331,448_SY132_CR4,0,89,132_AL_.jpg_V1_SX300.jpg",
  "Director" : "Harold Ramis",
  "Released" : "25 Jul 1980",
  "Writer" : "Brian Doyle-Murray, Harold Ramis, Douglas Kenney",
  "imdbVotes" : "79,437",
  "Runtime" : "98 min",
  "Response" : "True",
  "imdbRating" : "7.4",
  "Title" : "Caddyshack",
  "Genre" : "Comedy, Sport",
  "Actors" : "Chevy Chase, Rodney Dangerfield, Ted Knight, Michael O'Keefe",
  "Type" : "movie",
  "Metascore" : "N/A"
},
{
  "_id" : "56fb860e71a0651b0c306f65",
  "Language" : "English",
  "Box_office" : "37,100,000",
  "Country" : "USA",
  "Rated" : "R",
  "imdbID" : "tt0080474",
  "Awards" : "Nominated for 1 Oscar. Another 1 win.",
  "Poster" : "http://ia.media-imdb.com/images/M/MV5BMTIyNTYwMzQ3OV5BMl5BanBnXkFtZTYwMjUzMjk5._V1_SX300.jpg",
  "Director" : "Stuart Rosenberg",
  "Released" : "20 Jun 1980",
  "Writer" : "W.D. Richter (screenplay), W.D. Richter (story), Arthur A. Ross (story), Thomas O. Murton (suggested by), Joe Hyams (suggested by)",
  "imdbVotes" : "11,235",
  "Runtime" : "131 min",
  "Response" : "True",
  "imdbRating" : "7.1",
  "Title" : "Brubaker",
  "Genre" : "Drama",
  "Actors" : "Robert Redford, Yaphet Kotto, Jane Alexander, Murray Hamilton",
  "Type" : "movie",
  "Metascore" : "N/A"
},
{
  "_id" : "56fb860e71a0651b0c306f66",
  "Language" : "English",
  "Box_office" : null,
  "Country" : "USA",
  "Rated" : "R",
  "imdbID" : "tt0081060",
  "Awards" : "1 nomination.",
  "Poster" : "http://ia.media-imdb.com/images/M/MV5BMTc3Mzg3OTE5NV5BMl5BanBnXkFtZTgwOTczMjEyMDE@._V1_SX300.jpg",
  "Director" : "Ron Maxwell",
  "Released" : "21 Mar 1980",
  "Writer" : "Kimi Peck (screenplay), Dalene Young (screenplay), Kimi Peck (story)",
  "imdbVotes" : "3,701",
  "Runtime" : "96 min",
  "Response" : "True",
  "imdbRating" : "6.4",
  "Title" : "Little Darlings",
  "Genre" : "Comedy, Drama",
  "Actors" : "Tatum O'Neal, Kristy McNichol, Armand Assante, Matt Dillon",
  "Type" : "movie",
  "Metascore" : "N/A"
},
{
  "_id" : "56fb860e71a0651b0c306f67",
  "Language" : "English",
  "Box_office" : "31,899,000",
  "Country" : "USA",
  "Rated" : "X",
  "imdbID" : "tt0080661",
  "Awards" : "Nominated for 1 Golden Globe. Another 1 win & 9 nominations.",
  "Poster" : "http://ia.media-imdb.com/images/M/MV5BMTMzNjY0MDgxMV5BMl5BanBnXkFtZTcwMDE4NzQzNA@@._V1_SX300.jpg",
  "Director" : "Brian De Palma",
  "Released" : "25 Jul 1980",
  "Writer" : "Brian De Palma",
  "imdbVotes" : "22,959",
  "Runtime" : "105 min",
  "Response" : "True",
  "imdbRating" : "7.1",
  "Title" : "Dressed to Kill",
  "Genre" : "Mystery, Thriller",
  "Actors" : "Michael Caine, Angie Dickinson, Nancy Allen, Keith Gordon",
  "Type" : "movie",
  "Metascore" : "N/A"
},
{
  "_id" : "56fb860e71a0651b0c306f68",
  "Language" : "English",
  "Box_office" : "27,118,000",
  "Country" : "USA",
  "Rated" : "PG",
  "imdbID" : "tt0080948",
  "Awards" : "Nominated for 3 Golden Globes. Another 3 wins & 7 nominations.",
  "Poster" : "http://ia.media-imdb.com/images/M/MV5BMjA3OTQxOTI2OV5BMl5BanBnXkFtZTcwNjQ0MTEzMQ@@._V1_SX300.jpg",
  "Director" : "Richard Fleischer",
  "Released" : "19 Dec 1980",
  "Writer" : "Samson Raphaelson (play), Herbert Baker (screenplay), Stephen H. Foreman (adaptation)",
  "imdbVotes" : "2,881",
  "Runtime" : "115 min",
  "Response" : "True",
  "imdbRating" : "5.7",
  "Title" : "The Jazz Singer",
  "Genre" : "Drama, Music, Romance",
  "Actors" : "Neil Diamond, Laurence Olivier, Lucie Arnaz, Catlin Adams",
  "Type" : "movie",
  "Metascore" : "N/A"
},
{
  "_id" : "56fb860e71a0651b0c306f69",
  "Language" : "English",
  "Box_office" : null,
  "Country" : "UK, USA",
  "Rated" : "PG",
  "imdbID" : "tt0080745",
  "Awards" : "Nominated for 2 BAFTA Film Awards. Another 2 wins & 9 nominations.",
  "Poster" : "http://ia.media-imdb.com/images/M/MV5BMjE1OTU3ODAwMl5BMl5BanBnXkFtZTcwMzQ2NjczNA@@._V1_SX300.jpg",
  "Director" : "Mike Hodges",
  "Released" : "05 Dec 1980",
  "Writer" : "Lorenzo Semple Jr. (screenplay), Michael Allin (adaptation), Alex Raymond (based on the characters created by)",
  "imdbVotes" : "36,464",
  "Runtime" : "111 min",
  "Response" : "True",
  "imdbRating" : "6.4",
  "Title" : "Flash Gordon",
  "Genre" : "Action, Adventure, Sci-Fi",
  "Actors" : "Sam J. Jones, Melody Anderson, Max von Sydow, Topol",
  "Type" : "movie",
  "Metascore" : "63"
},
{
  "_id" : "56fb860e71a0651b0c306f6a",
  "Language" : "English",
  "Box_office" : null,
  "Country" : "USA, UK",
  "Rated" : "PG",
  "imdbID" : "tt0080678",
  "Awards" : "Nominated for 8 Oscars. Another 10 wins & 14 nominations.",
  "Poster" : "http://ia.media-imdb.com/images/M/MV5BMTExNTk0MjIzNDZeQTJeQWpwZ15BbWU3MDY5ODI5Nzg@._V1_SX300.jpg",
  "Director" : "David Lynch",
  "Released" : "10 Oct 1980",
  "Writer" : "Christopher De Vore (screenplay), Eric Bergren (screenplay), David Lynch (screenplay), Frederick Treves (book), Ashley Montagu (in part on the book \\",
  "imdbVotes" : "156,572",
  "Runtime" : "124 min",
  "Response" : "True",
  "imdbRating" : "8.2",
  "Title" : "The Elephant Man",
  "Genre" : "Biography, Drama",
  "Actors" : "Anthony Hopkins, John Hurt, Anne Bancroft, John Gielgud",
  "Type" : "movie",
  "Metascore" : "N/A"
},
{
  "_id" : "56fb860e71a0651b0c306f6b",
  "Language" : "English",
  "Box_office" : null,
  "Country" : "USA",
  "Rated" : "PG",
  "imdbID" : "tt0080472",
  "Awards" : "1 nomination.",
  "Poster" : "http://ia.media-imdb.com/images/M/MV5BMjA1ODM0NDcxNF5BMl5BanBnXkFtZTcwMDExNjcyMQ@@._V1_SX300.jpg",
  "Director" : "Clint Eastwood",
  "Released" : "11 Jun 1980",
  "Writer" : "Dennis Hackin",
  "imdbVotes" : "8,022",
  "Runtime" : "116 min",
  "Response" : "True",
  "imdbRating" : "6.0",
  "Title" : "Bronco Billy",
  "Genre" : "Action, Adventure, Comedy",
  "Actors" : "Clint Eastwood, Sondra Locke, Geoffrey Lewis, Scatman Crothers",
  "Type" : "movie",
  "Metascore" : "N/A"
},
{
  "_id" : "56fb860e71a0651b0c306f6c",
  "Language" : "English",
  "Box_office" : "45,250",
  "Country" : "USA",
  "Rated" : "R",
  "imdbID" : "tt0081398",
  "Awards" : "Won 2 Oscars. Another 23 wins & 24 nominations.",
  "Poster" : "http://ia.media-imdb.com/images/M/MV5BMjIxOTg3OTc5MF5BMl5BanBnXkFtZTcwNzkwNjMwNA@@._V1_SX300.jpg",
  "Director" : "Martin Scorsese",
  "Released" : "19 Dec 1980",
  "Writer" : "Jake LaMotta (based on the book by), Joseph Carter (with), Peter Savage (with), Paul Schrader (screenplay), Mardik Martin (screenplay)",
  "imdbVotes" : "227,469",
  "Runtime" : "129 min",
  "Response" : "True",
  "imdbRating" : "8.3",
  "Title" : "Raging Bull",
  "Genre" : "Biography, Drama, Sport",
  "Actors" : "Robert De Niro, Cathy Moriarty, Joe Pesci, Frank Vincent",
  "Type" : "movie",
  "Metascore" : "92"
},
{
  "_id" : "56fb860e71a0651b0c306f6d",
  "Language" : "English",
  "Box_office" : "10,200,000",
  "Country" : "USA",
  "Rated" : "PG",
  "imdbID" : "tt0081777",
  "Awards" : "1 win & 9 nominations.",
  "Poster" : "http://ia.media-imdb.com/images/M/MV5BMTczMjcyOTA0N15BMl5BanBnXkFtZTgwMDE5MTEyMDE@._V1_SX300.jpg",
  "Director" : "Robert Greenwald",
  "Released" : "08 Aug 1980",
  "Writer" : "Richard Christian Danus, Marc Reid Rubel",
  "imdbVotes" : "9,083",
  "Runtime" : "96 min",
  "Response" : "True",
  "imdbRating" : "5.0",
  "Title" : "Xanadu",
  "Genre" : "Fantasy, Musical, Romance",
  "Actors" : "Olivia Newton-John, Gene Kelly, Michael Beck, James Sloyan",
  "Type" : "movie",
  "Metascore" : "35"
},
{
  "_id" : "56fb860e71a0651b0c306f6e",
  "Language" : "English, Swedish, French, German",
  "Box_office" : null,
  "Country" : "USA",
  "Rated" : "R",
  "imdbID" : "tt0080365",
  "Awards" : "N/A",
  "Poster" : "http://ia.media-imdb.com/images/M/MV5BMTM2MTcyMjkxN15BMl5BanBnXkFtZTcwMTkyMzIyMQ@@._V1_SX300.jpg",
  "Director" : "Paul Schrader",
  "Released" : "01 Feb 1980",
  "Writer" : "Paul Schrader",
  "imdbVotes" : "15,583",
  "Runtime" : "117 min",
  "Response" : "True",
  "imdbRating" : "6.2",
  "Title" : "American Gigolo",
  "Genre" : "Crime, Drama, Mystery",
  "Actors" : "Richard Gere, Lauren Hutton, Hector Elizondo, Nina van Pallandt",
  "Type" : "movie",
  "Metascore" : "N/A"
},
{
  "_id" : "56fb860e71a0651b0c306f6f",
  "Language" : "English",
  "Box_office" : null,
  "Country" : "USA",
  "Rated" : "PG",
  "imdbID" : "tt0081207",
  "Awards" : "1 win & 2 nominations.",
  "Poster" : "http://ia.media-imdb.com/images/M/MV5BMjA1MzEyMzY3MF5BMl5BanBnXkFtZTcwNDY4OTQ1MQ@@._V1_SX300.jpg",
  "Director" : "Tony Bill",
  "Released" : "26 Sep 1980",
  "Writer" : "Alan Ormsby",
  "imdbVotes" : "6,892",
  "Runtime" : "102 min",
  "Response" : "True",
  "imdbRating" : "7.1",
  "Title" : "My Bodyguard",
  "Genre" : "Comedy, Drama, Family",
  "Actors" : "Chris Makepeace, Adam Baldwin, Matt Dillon, Paul Quandt",
  "Type" : "movie",
  "Metascore" : "N/A"
},
{
  "_id" : "56fb860e71a0651b0c306f70",
  "Language" : "English",
  "Box_office" : "21,378,000",
  "Country" : "USA",
  "Rated" : "R",
  "imdbID" : "tt0080749",
  "Awards" : "1 win & 2 nominations.",
  "Poster" : "http://ia.media-imdb.com/images/M/MV5BMTMzNTk5MjQyM15BMl5BanBnXkFtZTcwODQxOTAzMQ@@._V1_SX300.jpg",
  "Director" : "John Carpenter",
  "Released" : "08 Feb 1980",
  "Writer" : "John Carpenter, Debra Hill",
  "imdbVotes" : "44,771",
  "Runtime" : "89 min",
  "Response" : "True",
  "imdbRating" : "6.8",
  "Title" : "The Fog",
  "Genre" : "Fantasy, Horror",
  "Actors" : "Adrienne Barbeau, Jamie Lee Curtis, Janet Leigh, John Houseman",
  "Type" : "movie",
  "Metascore" : "N/A"
},
{
  "_id" : "56fb860e71a0651b0c306f71",
  "Language" : "English, Spanish",
  "Box_office" : "25,000,000",
  "Country" : "USA",
  "Rated" : "R",
  "imdbID" : "tt0080360",
  "Awards" : "Nominated for 2 Oscars. Another 1 win & 5 nominations.",
  "Poster" : "http://ia.media-imdb.com/images/M/MV5BMjAzMTA1NDU1MF5BMl5BanBnXkFtZTcwMDUzODcxMQ@@._V1_SX300.jpg",
  "Director" : "Ken Russell",
  "Released" : "25 Dec 1980",
  "Writer" : "Paddy Chayefsky (written for the screen by), Paddy Chayefsky (novel)",
  "imdbVotes" : "23,123",
  "Runtime" : "102 min",
  "Response" : "True",
  "imdbRating" : "6.9",
  "Title" : "Altered States",
  "Genre" : "Horror, Sci-Fi, Thriller",
  "Actors" : "William Hurt, Blair Brown, Bob Balaban, Charles Haid",
  "Type" : "movie",
  "Metascore" : "N/A"
},
{
  "_id" : "56fb860e71a0651b0c306f72",
  "Language" : "English",
  "Box_office" : null,
  "Country" : "USA, West Germany",
  "Rated" : "R",
  "imdbID" : "tt0080569",
  "Awards" : "5 nominations.",
  "Poster" : "http://ia.media-imdb.com/images/M/MV5BMTI1NTA2MjI2OV5BMl5BanBnXkFtZTcwODEzODA1MQ@@._V1_SX300.jpg",
  "Director" : "William Friedkin",
  "Released" : "15 Feb 1980",
  "Writer" : "William Friedkin, Gerald Walker (novel)",
  "imdbVotes" : "12,562",
  "Runtime" : "102 min",
  "Response" : "True",
  "imdbRating" : "6.4",
  "Title" : "Cruising",
  "Genre" : "Crime, Mystery, Thriller",
  "Actors" : "Al Pacino, Paul Sorvino, Karen Allen, Richard Cox",
  "Type" : "movie",
  "Metascore" : "N/A"
},
{
  "_id" : "56fb860e71a0651b0c306f73",
  "Language" : "English",
  "Box_office" : "18,971,000",
  "Country" : "USA",
  "Rated" : "R",
  "imdbID" : "tt0081259",
  "Awards" : "N/A",
  "Poster" : "http://ia.media-imdb.com/images/M/MV5BMTY5NTIwMzU4MV5BMl5BanBnXkFtZTYwNjk1Mjg5._V1_SX300.jpg",
  "Director" : "Eric Karson",
  "Released" : "15 Aug 1980",
  "Writer" : "Paul Aaron (story), Leigh Chapman (screenplay), Leigh Chapman (story)",
  "imdbVotes" : "3,587",
  "Runtime" : "103 min",
  "Response" : "True",
  "imdbRating" : "5.0",
  "Title" : "The Octagon",
  "Genre" : "Action, Drama, Romance",
  "Actors" : "Chuck Norris, Karen Carlson, Lee Van Cleef, Art Hindle",
  "Type" : "movie",
  "Metascore" : "N/A"
},
{
  "_id" : "56fb860e71a0651b0c306f74",
  "Language" : "English",
  "Box_office" : null,
  "Country" : "USA",
  "Rated" : "PG",
  "imdbID" : "tt0080888",
  "Awards" : "Nominated for 1 Oscar. Another 1 win & 1 nomination.",
  "Poster" : "http://ia.media-imdb.com/images/M/MV5BMTAxMDQzNDYyOTReQTJeQWpwZ15BbWU4MDQzMTYyMzEx._V1_SX300.jpg",
  "Director" : "Jerry Schatzberg",
  "Released" : "18 Jul 1980",
  "Writer" : "John Binder, Gustaf Molander (story), Carol Sobieski, Gosta Stevens (story), William D. Wittliff",
  "imdbVotes" : "792",
  "Runtime" : "119 min",
  "Response" : "True",
  "imdbRating" : "6.2",
  "Title" : "Honeysuckle Rose",
  "Genre" : "Music, Romance, Drama",
  "Actors" : "Willie Nelson, Dyan Cannon, Amy Irving, Slim Pickens",
  "Type" : "movie",
  "Metascore" : "N/A"
},
{
  "_id" : "56fb860e71a0651b0c306f75",
  "Language" : "English, Spanish",
  "Box_office" : null,
  "Country" : "USA",
  "Rated" : "G",
  "imdbID" : "tt0080861",
  "Awards" : "2 nominations.",
  "Poster" : "http://ia.media-imdb.com/images/M/MV5BMTI2NDA5MTMwM15BMl5BanBnXkFtZTYwMDk1Mjg5._V1_SX300.jpg",
  "Director" : "Vincent McEveety",
  "Released" : "25 Jun 1980",
  "Writer" : "Don Tait, Gordon Buford (characters creator)",
  "imdbVotes" : "3,731",
  "Runtime" : "100 min",
  "Response" : "True",
  "imdbRating" : "4.8",
  "Title" : "Herbie Goes Bananas",
  "Genre" : "Adventure, Comedy, Family",
  "Actors" : "Cloris Leachman, Charles Martin Smith, John Vernon, Stephen W. Burns",
  "Type" : "movie",
  "Metascore" : "N/A"
},
{
  "_id" : "56fb860e71a0651b0c306f76",
  "Language" : "English",
  "Box_office" : null,
  "Country" : "USA",
  "Rated" : "PG",
  "imdbID" : "tt0081439",
  "Awards" : "N/A",
  "Poster" : "http://ia.media-imdb.com/images/M/MV5BMjE0MTAwODUyNF5BMl5BanBnXkFtZTYwODgwMTc4._V1_SX300.jpg",
  "Director" : "Don Siegel, Peter R. Hunt",
  "Released" : "20 Jun 1980",
  "Writer" : "Larry Gelbart, Derek Lambert (novel)",
  "imdbVotes" : "726",
  "Runtime" : "112 min",
  "Response" : "True",
  "imdbRating" : "5.6",
  "Title" : "Rough Cut",
  "Genre" : "Adventure, Comedy, Crime",
  "Actors" : "Burt Reynolds, Lesley-Anne Down, David Niven, Timothy West",
  "Type" : "movie",
  "Metascore" : "N/A"
},
{
  "_id" : "56fb860e71a0651b0c306f77",
  "Language" : "English, Japanese, Russian",
  "Box_office" : null,
  "Country" : "USA",
  "Rated" : "PG",
  "imdbID" : "tt0080736",
  "Awards" : "1 win & 2 nominations.",
  "Poster" : "http://ia.media-imdb.com/images/M/MV5BMTY2MTk1NTMxNF5BMl5BanBnXkFtZTcwMjcxMDUyMQ@@._V1_SX300.jpg",
  "Director" : "Don Taylor",
  "Released" : "01 Aug 1980",
  "Writer" : "Thomas Hunter (story), Peter Powell (story), David Ambrose (story), David Ambrose (screenplay), Gerry Davis (screenplay), Thomas Hunter (screenplay), Peter Powell (screenplay)",
  "imdbVotes" : "15,638",
  "Runtime" : "103 min",
  "Response" : "True",
  "imdbRating" : "6.7",
  "Title" : "The Final Countdown",
  "Genre" : "Action, Sci-Fi",
  "Actors" : "Kirk Douglas, Martin Sheen, Katharine Ross, James Farentino",
  "Type" : "movie",
  "Metascore" : "N/A"
},
{
  "_id" : "56fb860e71a0651b0c306f78",
  "Language" : "English",
  "Box_office" : null,
  "Country" : "USA",
  "Rated" : "PG",
  "imdbID" : "tt0080907",
  "Awards" : "1 win.",
  "Poster" : "http://ia.media-imdb.com/images/M/MV5BMjA4MjI2NDc4Ml5BMl5BanBnXkFtZTcwODA1MTUyMQ@@._V1_SX300.jpg",
  "Director" : "Buzz Kulik",
  "Released" : "01 Aug 1980",
  "Writer" : "Ted Leighton (screenplay), Peter Hyams (screenplay)",
  "imdbVotes" : "3,264",
  "Runtime" : "97 min",
  "Response" : "True",
  "imdbRating" : "6.4",
  "Title" : "The Hunter",
  "Genre" : "Action, Biography, Comedy",
  "Actors" : "Steve McQueen, Eli Wallach, Kathryn Harrold, LeVar Burton",
  "Type" : "movie",
  "Metascore" : "N/A"
},
{
  "_id" : "56fb860e71a0651b0c306f79",
  "Language" : "English",
  "Box_office" : null,
  "Country" : "USA",
  "Rated" : "PG",
  "imdbID" : "tt0080863",
  "Awards" : "N/A",
  "Poster" : "http://ia.media-imdb.com/images/M/MV5BMTI4NjYyNzI3N15BMl5BanBnXkFtZTcwNDYyMTYyMQ@@._V1_SX300.jpg",
  "Director" : "Martin Davidson",
  "Released" : "08 Feb 1980",
  "Writer" : "AJ Carothers",
  "imdbVotes" : "1,029",
  "Runtime" : "98 min",
  "Response" : "True",
  "imdbRating" : "6.2",
  "Title" : "Hero at Large",
  "Genre" : "Comedy, Romance",
  "Actors" : "John Ritter, Anne Archer, Bert Convy, Kevin McCarthy",
  "Type" : "movie",
  "Metascore" : "N/A"
},
{
  "_id" : "56fb860e71a0651b0c306f7a",
  "Language" : "English, Swedish",
  "Box_office" : null,
  "Country" : "USA",
  "Rated" : "R",
  "imdbID" : "tt0081071",
  "Awards" : "1 win & 1 nomination.",
  "Poster" : "http://ia.media-imdb.com/images/M/MV5BMjE4NDk4MDMxN15BMl5BanBnXkFtZTcwMTkzNzA2NA@@._V1_SX300.jpg",
  "Director" : "Walter Hill",
  "Released" : "16 May 1980",
  "Writer" : "Bill Bryden, Steven Smith, Stacy Keach, James Keach",
  "imdbVotes" : "7,080",
  "Runtime" : "100 min",
  "Response" : "True",
  "imdbRating" : "7.1",
  "Title" : "The Long Riders",
  "Genre" : "Western",
  "Actors" : "David Carradine, Keith Carradine, Robert Carradine, James Keach",
  "Type" : "movie",
  "Metascore" : "N/A"
},
{
  "_id" : "56fb860e71a0651b0c306f7b",
  "Language" : "English",
  "Box_office" : null,
  "Country" : "USA",
  "Rated" : "R",
  "imdbID" : "tt0080739",
  "Awards" : "2 nominations.",
  "Poster" : "http://ia.media-imdb.com/images/M/MV5BMjE0ODY1ODY4OF5BMl5BanBnXkFtZTYwODk1NTg5._V1_SX300.jpg",
  "Director" : "Buck Henry",
  "Released" : "25 Dec 1980",
  "Writer" : "Buck Henry",
  "imdbVotes" : "407",
  "Runtime" : "97 min",
  "Response" : "True",
  "imdbRating" : "4.0",
  "Title" : "First Family",
  "Genre" : "Comedy",
  "Actors" : "Gilda Radner, Bob Newhart, Madeline Kahn, Richard Benjamin",
  "Type" : "movie",
  "Metascore" : "N/A"
},
{
  "_id" : "56fb860e71a0651b0c306f7c",
  "Language" : "English",
  "Box_office" : null,
  "Country" : "Canada",
  "Rated" : "R",
  "imdbID" : "tt0081383",
  "Awards" : "2 nominations.",
  "Poster" : "http://ia.media-imdb.com/images/M/MV5BMTI4MzY1NDA5M15BMl5BanBnXkFtZTYwMDIyNzA5._V1_SX300.jpg",
  "Director" : "Paul Lynch",
  "Released" : "18 Jul 1980",
  "Writer" : "William Gray (screenplay), Robert Guza Jr. (story)",
  "imdbVotes" : "10,007",
  "Runtime" : "92 min",
  "Response" : "True",
  "imdbRating" : "5.4",
  "Title" : "Prom Night",
  "Genre" : "Horror, Romance",
  "Actors" : "Leslie Nielsen, Jamie Lee Curtis, Casey Stevens, Anne-Marie Martin",
  "Type" : "movie",
  "Metascore" : "N/A"
},
{
  "_id" : "56fb860e71a0651b0c306f7d",
  "Language" : "English",
  "Box_office" : null,
  "Country" : "USA",
  "Rated" : "PG",
  "imdbID" : "tt0081249",
  "Awards" : "1 nomination.",
  "Poster" : "http://ia.media-imdb.com/images/M/MV5BMjA2NTM5NTc1NF5BMl5BanBnXkFtZTcwMDY4MDcxMQ@@._V1_SX300.jpg",
  "Director" : "Clive Donner",
  "Released" : "09 May 1980",
  "Writer" : "Mel Brooks (characters), Buck Henry (characters), Arne Sultan, Bill Dana, Leonard Stern",
  "imdbVotes" : "2,528",
  "Runtime" : "94 min",
  "Response" : "True",
  "imdbRating" : "5.0",
  "Title" : "The Nude Bomb",
  "Genre" : "Comedy, Crime, Mystery",
  "Actors" : "Don Adams, Sylvia Kristel, Rhonda Fleming, Dana Elcar",
  "Type" : "movie",
  "Metascore" : "N/A"
},
{
  "_id" : "56fb860e71a0651b0c306f7e",
  "Language" : "English",
  "Box_office" : null,
  "Country" : "USA",
  "Rated" : "PG",
  "imdbID" : "tt0081268",
  "Awards" : "1 win & 3 nominations.",
  "Poster" : "http://ia.media-imdb.com/images/M/MV5BMjAxNjcxNTAwNl5BMl5BanBnXkFtZTgwNDU4MjMyMDE@._V1_SX300.jpg",
  "Director" : "Gilbert Cates",
  "Released" : "03 Oct 1980",
  "Writer" : "Josh Greenfeld (story), Josh Greenfeld (screenplay), Hal Goldman (screenplay), Fred S. Fox (screenplay), Seaman Jacobs (screenplay), Melissa Miller (screenplay), Avery Corman (novel)",
  "imdbVotes" : "1,648",
  "Runtime" : "94 min",
  "Response" : "True",
  "imdbRating" : "5.1",
  "Title" : "Oh, God! Book II",
  "Genre" : "Comedy, Fantasy",
  "Actors" : "George Burns, Suzanne Pleshette, David Birney, Louanne",
  "Type" : "movie",
  "Metascore" : "N/A"
},
{
  "_id" : "56fb860e71a0651b0c306f7f",
  "Language" : "English",
  "Box_office" : null,
  "Country" : "USA",
  "Rated" : "PG",
  "imdbID" : "tt0080556",
  "Awards" : "Nominated for 2 Oscars. Another 3 nominations.",
  "Poster" : "http://ia.media-imdb.com/images/M/MV5BOTUzMDg4NDAyMl5BMl5BanBnXkFtZTgwNjU5MTEyMDE@._V1_SX300.jpg",
  "Director" : "Joel Oliansky",
  "Released" : "03 Dec 1980",
  "Writer" : "Joel Oliansky (screenplay), Joel Oliansky (story), William Sackheim (story)",
  "imdbVotes" : "1,410",
  "Runtime" : "123 min",
  "Response" : "True",
  "imdbRating" : "6.7",
  "Title" : "The Competition",
  "Genre" : "Drama, Romance, Music",
  "Actors" : "Richard Dreyfuss, Amy Irving, Lee Remick, Sam Wanamaker",
  "Type" : "movie",
  "Metascore" : "N/A"
},
{
  "_id" : "56fb860e71a0651b0c306f80",
  "Language" : "English",
  "Box_office" : null,
  "Country" : "USA",
  "Rated" : "PG",
  "imdbID" : "tt0081751",
  "Awards" : "N/A",
  "Poster" : "http://ia.media-imdb.com/images/M/MV5BMjAwNjIwNzE2Ml5BMl5BanBnXkFtZTcwNjcyODUyMQ@@._V1_SX300.jpg",
  "Director" : "Gary Weis",
  "Released" : "13 Jun 1980",
  "Writer" : "Guy Thomas",
  "imdbVotes" : "1,427",
  "Runtime" : "103 min",
  "Response" : "True",
  "imdbRating" : "4.2",
  "Title" : "Wholly Moses!",
  "Genre" : "Comedy, Fantasy, History",
  "Actors" : "Dudley Moore, Laraine Newman, James Coco, Paul Sand",
  "Type" : "movie",
  "Metascore" : "N/A"
},
{
  "_id" : "56fb860e71a0651b0c306f81",
  "Language" : "English",
  "Box_office" : null,
  "Country" : "USA",
  "Rated" : "R",
  "imdbID" : "tt0081032",
  "Awards" : "N/A",
  "Poster" : "http://ia.media-imdb.com/images/M/MV5BMTMzMDIxODc0NF5BMl5BanBnXkFtZTcwNjA0MTYyMQ@@._V1_SX300.jpg",
  "Director" : "Gilbert Cates",
  "Released" : "08 Feb 1980",
  "Writer" : "John Herman Shaner",
  "imdbVotes" : "430",
  "Runtime" : "103 min",
  "Response" : "True",
  "imdbRating" : "5.3",
  "Title" : "The Last Married Couple in America",
  "Genre" : "Comedy",
  "Actors" : "George Segal, Natalie Wood, Richard Benjamin, Valerie Harper",
  "Type" : "movie",
  "Metascore" : "N/A"
},
{
  "_id" : "56fb860e71a0651b0c306f82",
  "Language" : "English",
  "Box_office" : null,
  "Country" : "USA",
  "Rated" : "R",
  "imdbID" : "tt0081698",
  "Awards" : "1 nomination.",
  "Poster" : "http://ia.media-imdb.com/images/M/MV5BMTkyNTQxOTk2Ml5BMl5BanBnXkFtZTcwODc5MjIyMQ@@._V1_SX300.jpg",
  "Director" : "Robert Zemeckis",
  "Released" : "11 Jul 1980",
  "Writer" : "Robert Zemeckis, Bob Gale",
  "imdbVotes" : "10,385",
  "Runtime" : "113 min",
  "Response" : "True",
  "imdbRating" : "6.8",
  "Title" : "Used Cars",
  "Genre" : "Comedy",
  "Actors" : "Kurt Russell, Jack Warden, Gerrit Graham, Frank McRae",
  "Type" : "movie",
  "Metascore" : "N/A"
},
{
  "_id" : "56fb860e71a0651b0c306f83",
  "Language" : "English",
  "Box_office" : null,
  "Country" : "UK",
  "Rated" : "PG",
  "imdbID" : "tt0081163",
  "Awards" : "2 nominations.",
  "Poster" : "http://ia.media-imdb.com/images/M/MV5BMjAxODY3OTExN15BMl5BanBnXkFtZTcwMzU2MDIyMQ@@._V1_SX300.jpg",
  "Director" : "Guy Hamilton",
  "Released" : "19 Dec 1980",
  "Writer" : "Jonathan Hales (screenplay), Barry Sandler (screenplay)",
  "imdbVotes" : "4,587",
  "Runtime" : "105 min",
  "Response" : "True",
  "imdbRating" : "6.2",
  "Title" : "The Mirror Crack'd",
  "Genre" : "Crime, Mystery, Thriller",
  "Actors" : "Angela Lansbury, Wendy Morgan, Margaret Courtenay, Charles Gray",
  "Type" : "movie",
  "Metascore" : "N/A"
},
{
  "_id" : "56fb860e71a0651b0c306f84",
  "Language" : "English",
  "Box_office" : null,
  "Country" : "USA",
  "Rated" : "G",
  "imdbID" : "tt0081031",
  "Awards" : "4 nominations.",
  "Poster" : "http://ia.media-imdb.com/images/M/MV5BMjA2NzEzNDY3MV5BMl5BanBnXkFtZTcwMDY3NTYyMQ@@._V1_SX300.jpg",
  "Director" : "Charles Jarrott",
  "Released" : "25 Jun 1980",
  "Writer" : "Ernest K. Gann (story), Steven W. Carabatsos (screenplay), Sandy Glass (screenplay), George Arthur Bloom (screenplay)",
  "imdbVotes" : "795",
  "Runtime" : "97 min",
  "Response" : "True",
  "imdbRating" : "5.8",
  "Title" : "The Last Flight of Noah's Ark",
  "Genre" : "Adventure, Family",
  "Actors" : "Elliott Gould, Genevieve Bujold, Ricky Schroder, Vincent Gardenia",
  "Type" : "movie",
  "Metascore" : "N/A"
},
{
  "_id" : "56fb860e71a0651b0c306f85",
  "Language" : "English",
  "Box_office" : null,
  "Country" : "USA, UK",
  "Rated" : "PG",
  "imdbID" : "tt0080731",
  "Awards" : "2 wins & 3 nominations.",
  "Poster" : "http://ia.media-imdb.com/images/M/MV5BMTIxMzU4NTU2MV5BMl5BanBnXkFtZTYwMzM1NTg5._V1_SX300.jpg",
  "Director" : "Piers Haggard, Richard Quine, Peter Sellers",
  "Released" : "08 Aug 1980",
  "Writer" : "Rudy Dochtermann (screenplay), Jim Moloney (screenplay), Sax Rohmer (novel)",
  "imdbVotes" : "1,548",
  "Runtime" : "100 min",
  "Response" : "True",
  "imdbRating" : "4.9",
  "Title" : "The Fiendish Plot of Dr. Fu Manchu",
  "Genre" : "Comedy",
  "Actors" : "Peter Sellers, Helen Mirren, David Tomlinson, Sid Caesar",
  "Type" : "movie",
  "Metascore" : "N/A"
},
{
  "_id" : "56fb860e71a0651b0c306f86",
  "Language" : "English, French, Persian",
  "Box_office" : null,
  "Country" : "USA",
  "Rated" : "PG",
  "imdbID" : "tt0081554",
  "Awards" : "1 nomination.",
  "Poster" : "http://ia.media-imdb.com/images/M/MV5BMTYxOTExMDk0N15BMl5BanBnXkFtZTYwMjAzMjI5._V1._CR1,55,260,416_SX89_AL_.jpg_V1_SX300.jpg",
  "Director" : "Woody Allen",
  "Released" : "26 Sep 1980",
  "Writer" : "Woody Allen",
  "imdbVotes" : "15,830",
  "Runtime" : "89 min",
  "Response" : "True",
  "imdbRating" : "7.5",
  "Title" : "Stardust Memories",
  "Genre" : "Comedy, Drama",
  "Actors" : "Woody Allen, Charlotte Rampling, Jessica Harper, Marie-Christine Barrault",
  "Type" : "movie",
  "Metascore" : "N/A"
},
{
  "_id" : "56fb860e71a0651b0c306f87",
  "Language" : "English",
  "Box_office" : null,
  "Country" : "USA",
  "Rated" : "R",
  "imdbID" : "tt0080881",
  "Awards" : "N/A",
  "Poster" : "http://ia.media-imdb.com/images/M/MV5BMjE3Njc2Njk5NF5BMl5BanBnXkFtZTcwNjMzMzAyMQ@@._V1_SX300.jpg",
  "Director" : "Floyd Mutrux",
  "Released" : "30 May 1980",
  "Writer" : "Floyd Mutrux (story), Richard Lederer (story), William Tennant (story), Floyd Mutrux (screenplay)",
  "imdbVotes" : "3,395",
  "Runtime" : "91 min",
  "Response" : "True",
  "imdbRating" : "6.3",
  "Title" : "The Hollywood Knights",
  "Genre" : "Comedy",
  "Actors" : "Julius Averitt, Steve Ballard, Phil Berle, Mike Binder",
  "Type" : "movie",
  "Metascore" : "N/A"
},
{
  "_id" : "56fb860e71a0651b0c306f88",
  "Language" : "English",
  "Box_office" : null,
  "Country" : "USA",
  "Rated" : "R",
  "imdbID" : "tt0081485",
  "Awards" : "N/A",
  "Poster" : "http://ia.media-imdb.com/images/M/MV5BMTY1NDE0MDY1OF5BMl5BanBnXkFtZTYwNjU4OTg5._V1_SX300.jpg",
  "Director" : "Bill Persky",
  "Released" : "28 Mar 1980",
  "Writer" : "Cyra McFadden (novel), Rich Eustis (screenplay), Michael Elias (screenplay)",
  "imdbVotes" : "698",
  "Runtime" : "86 min",
  "Response" : "True",
  "imdbRating" : "6.8",
  "Title" : "Serial",
  "Genre" : "Comedy",
  "Actors" : "Martin Mull, Tuesday Weld, Jennifer McAllister, Sam Chew Jr.",
  "Type" : "movie",
  "Metascore" : "N/A"
},
{
  "_id" : "56fb860e71a0651b0c306f89",
  "Language" : "English",
  "Box_office" : null,
  "Country" : "USA",
  "Rated" : "PG",
  "imdbID" : "tt0081534",
  "Awards" : "Nominated for 1 Oscar. Another 6 wins & 3 nominations.",
  "Poster" : "http://ia.media-imdb.com/images/M/MV5BMTI3MTI4MzE3MV5BMl5BanBnXkFtZTcwOTMzNzAwMQ@@._V1_SX300.jpg",
  "Director" : "Jeannot Szwarc",
  "Released" : "03 Oct 1980",
  "Writer" : "Richard Matheson (screenplay), Richard Matheson (novel)",
  "imdbVotes" : "20,479",
  "Runtime" : "103 min",
  "Response" : "True",
  "imdbRating" : "7.3",
  "Title" : "Somewhere in Time",
  "Genre" : "Drama, Fantasy, Romance",
  "Actors" : "Christopher Reeve, Jane Seymour, Christopher Plummer, Teresa Wright",
  "Type" : "movie",
  "Metascore" : "29"
},
{
  "_id" : "56fb860e71a0651b0c306f8a",
  "Language" : "English",
  "Box_office" : null,
  "Country" : "Canada",
  "Rated" : "PG",
  "imdbID" : "tt0081656",
  "Awards" : "Nominated for 1 Oscar. Another 2 wins & 13 nominations.",
  "Poster" : "http://ia.media-imdb.com/images/M/MV5BMjE1ODcxMjY5NF5BMl5BanBnXkFtZTYwMTYwMTk5._V1_SX300.jpg",
  "Director" : "Bob Clark",
  "Released" : "19 Dec 1980",
  "Writer" : "Bernard Slade (play), Bernard Slade (screenplay)",
  "imdbVotes" : "477",
  "Runtime" : "121 min",
  "Response" : "True",
  "imdbRating" : "6.3",
  "Title" : "Tribute",
  "Genre" : "Comedy, Drama",
  "Actors" : "Jack Lemmon, Robby Benson, Lee Remick, Colleen Dewhurst",
  "Type" : "movie",
  "Metascore" : "N/A"
},
{
  "_id" : "56fb860e71a0651b0c306f8b",
  "Language" : "English",
  "Box_office" : null,
  "Country" : "UK",
  "Rated" : "R",
  "imdbID" : "tt0079285",
  "Awards" : "5 nominations.",
  "Poster" : "http://ia.media-imdb.com/images/M/MV5BMTU3MTM4NTc1Nl5BMl5BanBnXkFtZTcwMzA0MjAwMQ@@._V1_SX300.jpg",
  "Director" : "Stanley Donen, John Barry",
  "Released" : "15 Feb 1980",
  "Writer" : "Martin Amis (screenplay), John Barry (story)",
  "imdbVotes" : "5,967",
  "Runtime" : "96 min",
  "Response" : "True",
  "imdbRating" : "5.0",
  "Title" : "Saturn 3",
  "Genre" : "Adventure, Sci-Fi, Thriller",
  "Actors" : "Farrah Fawcett, Kirk Douglas, Harvey Keitel",
  "Type" : "movie",
  "Metascore" : "N/A"
},
{
  "_id" : "56fb860e71a0651b0c306f8c",
  "Language" : "English, Spanish, German",
  "Box_office" : null,
  "Country" : "West Germany, USA",
  "Rated" : "R",
  "imdbID" : "tt0080754",
  "Awards" : "Nominated for 1 Oscar. Another 6 nominations.",
  "Poster" : "http://ia.media-imdb.com/images/M/MV5BMjEzMjMxODA0OF5BMl5BanBnXkFtZTYwMDA3NTg5._V1_SX300.jpg",
  "Director" : "John G. Avildsen",
  "Released" : "19 Dec 1980",
  "Writer" : "Steve Shagan (novel), Steve Shagan (screenplay)",
  "imdbVotes" : "1,832",
  "Runtime" : "117 min",
  "Response" : "True",
  "imdbRating" : "5.6",
  "Title" : "The Formula",
  "Genre" : "Crime, Thriller",
  "Actors" : "George C. Scott, Marlon Brando, Marthe Keller, John Gielgud",
  "Type" : "movie",
  "Metascore" : "N/A"
},
{
  "_id" : "56fb860e71a0651b0c306f8d",
  "Language" : "English",
  "Box_office" : null,
  "Country" : "UK",
  "Rated" : "R",
  "imdbID" : "tt0080402",
  "Awards" : "1 nomination.",
  "Poster" : "http://ia.media-imdb.com/images/M/MV5BMTI1ODQxNTQxMl5BMl5BanBnXkFtZTcwNTY1NzIyMQ@@._V1_SX300.jpg",
  "Director" : "Mike Newell",
  "Released" : "31 Oct 1980",
  "Writer" : "Chris Bryant, Clive Exton, Allan Scott, Bram Stoker (novel)",
  "imdbVotes" : "1,379",
  "Runtime" : "101 min",
  "Response" : "True",
  "imdbRating" : "4.9",
  "Title" : "The Awakening",
  "Genre" : "Horror",
  "Actors" : "Charlton Heston, Susannah York, Jill Townsend, Stephanie Zimbalist",
  "Type" : "movie",
  "Metascore" : "N/A"
},
{
  "_id" : "56fb860e71a0651b0c306f8e",
  "Language" : "English",
  "Box_office" : null,
  "Country" : "USA",
  "Rated" : "PG",
  "imdbID" : "tt0080724",
  "Awards" : "1 win & 2 nominations.",
  "Poster" : "http://ia.media-imdb.com/images/M/MV5BMTQ1NjA1NjI0NF5BMl5BanBnXkFtZTcwNTQxMTYyMQ@@._V1_SX300.jpg",
  "Director" : "Anne Bancroft",
  "Released" : "01 Feb 1980",
  "Writer" : "Anne Bancroft",
  "imdbVotes" : "1,376",
  "Runtime" : "93 min",
  "Response" : "True",
  "imdbRating" : "6.2",
  "Title" : "Fatso",
  "Genre" : "Comedy, Drama, Romance",
  "Actors" : "Dom DeLuise, Anne Bancroft, Ron Carey, Candice Azzara",
  "Type" : "movie",
  "Metascore" : "N/A"
},
{
  "_id" : "56fb860e71a0651b0c306f8f",
  "Language" : "English",
  "Box_office" : null,
  "Country" : "USA",
  "Rated" : "R",
  "imdbID" : "tt0080756",
  "Awards" : "2 nominations.",
  "Poster" : "http://ia.media-imdb.com/images/M/MV5BMTM5MDg0ODg1M15BMl5BanBnXkFtZTcwOTIyMDgzNA@@._V1_SX300.jpg",
  "Director" : "Adrian Lyne",
  "Released" : "29 Feb 1980",
  "Writer" : "Gerald Ayres",
  "imdbVotes" : "2,989",
  "Runtime" : "106 min",
  "Response" : "True",
  "imdbRating" : "6.1",
  "Title" : "Foxes",
  "Genre" : "Drama",
  "Actors" : "Jodie Foster, Cherie Currie, Marilyn Kagan, Kandice Stroh",
  "Type" : "movie",
  "Metascore" : "N/A"
},
{
  "_id" : "56fb860e71a0651b0c306f90",
  "Language" : "English, French, Italian, German",
  "Box_office" : null,
  "Country" : "USA",
  "Rated" : "R",
  "imdbID" : "tt0080437",
  "Awards" : "2 wins & 1 nomination.",
  "Poster" : "http://ia.media-imdb.com/images/M/MV5BMTQxNzE5MTg0NF5BMl5BanBnXkFtZTgwNjI2MzgxMTE@._V1_SX300.jpg",
  "Director" : "Samuel Fuller",
  "Released" : "18 Jul 1980",
  "Writer" : "Samuel Fuller",
  "imdbVotes" : "15,076",
  "Runtime" : "113 min",
  "Response" : "True",
  "imdbRating" : "7.2",
  "Title" : "The Big Red One",
  "Genre" : "Drama, War",
  "Actors" : "Lee Marvin, Mark Hamill, Robert Carradine, Bobby Di Cicco",
  "Type" : "movie",
  "Metascore" : "77"
},
{
  "_id" : "56fb860e71a0651b0c306f91",
  "Language" : "English",
  "Box_office" : null,
  "Country" : "USA",
  "Rated" : "R",
  "imdbID" : "tt0081568",
  "Awards" : "Nominated for 3 Oscars. Another 4 wins & 8 nominations.",
  "Poster" : "http://ia.media-imdb.com/images/M/MV5BMTM5NzQyNTI1MF5BMl5BanBnXkFtZTcwNTkzMjkyMw@@._V1_SX300.jpg",
  "Director" : "Richard Rush",
  "Released" : "27 Jun 1980",
  "Writer" : "Lawrence B. Marcus (screenplay), Richard Rush (adaptation), Paul Brodeur (novel)",
  "imdbVotes" : "6,739",
  "Runtime" : "131 min",
  "Response" : "True",
  "imdbRating" : "7.3",
  "Title" : "The Stunt Man",
  "Genre" : "Action, Comedy, Drama",
  "Actors" : "Peter O'Toole, Steve Railsback, Barbara Hershey, Allen Garfield",
  "Type" : "movie",
  "Metascore" : "N/A"
},
{
  "_id" : "56fb860e71a0651b0c306f92",
  "Language" : "English",
  "Box_office" : null,
  "Country" : "USA",
  "Rated" : "R",
  "imdbID" : "tt0081748",
  "Awards" : "N/A",
  "Poster" : "http://ia.media-imdb.com/images/M/MV5BMTU1MDA2NzUyMV5BMl5BanBnXkFtZTcwNzU3NTcyMQ@@._V1_SX300.jpg",
  "Director" : "Art Linson",
  "Released" : "25 Apr 1980",
  "Writer" : "Hunter S. Thompson (stories), John Kaye (screenplay)",
  "imdbVotes" : "9,223",
  "Runtime" : "96 min",
  "Response" : "True",
  "imdbRating" : "6.7",
  "Title" : "Where the Buffalo Roam",
  "Genre" : "Biography, Comedy",
  "Actors" : "Peter Boyle, Bill Murray, Bruno Kirby, Rene Auberjonois",
  "Type" : "movie",
  "Metascore" : "N/A"
},
{
  "_id" : "56fb860e71a0651b0c306f93",
  "Language" : "English",
  "Box_office" : null,
  "Country" : "USA",
  "Rated" : "R",
  "imdbID" : "tt0080808",
  "Awards" : "N/A",
  "Poster" : "http://ia.media-imdb.com/images/M/MV5BMTk5NzI3MjQ2Ml5BMl5BanBnXkFtZTYwNzYwNDc4._V1_SX300.jpg",
  "Director" : "Chuck Barris",
  "Released" : "23 May 1980",
  "Writer" : "Chuck Barris, Robert Downey Sr.",
  "imdbVotes" : "603",
  "Runtime" : "89 min",
  "Response" : "True",
  "imdbRating" : "3.9",
  "Title" : "The Gong Show Movie",
  "Genre" : "Comedy",
  "Actors" : "Robin Altman, Chuck Barris, Brian O'Mullin, Jack Bernardi",
  "Type" : "movie",
  "Metascore" : "N/A"
},
{
  "_id" : "56fb860e71a0651b0c306f94",
  "Language" : "English",
  "Box_office" : null,
  "Country" : "USA",
  "Rated" : "R",
  "imdbID" : "tt0081184",
  "Awards" : "1 nomination.",
  "Poster" : "http://ia.media-imdb.com/images/M/MV5BNjk4Mzg1NjUwNV5BMl5BanBnXkFtZTcwMzY5NTk1NA@@._V1_SX300.jpg",
  "Director" : "Kevin Connor",
  "Released" : "24 Oct 1980",
  "Writer" : "Robert Jaffe, Steven-Charles Jaffe",
  "imdbVotes" : "6,500",
  "Runtime" : "101 min",
  "Response" : "True",
  "imdbRating" : "6.0",
  "Title" : "Motel Hell",
  "Genre" : "Comedy, Horror, Thriller",
  "Actors" : "Rory Calhoun, Paul Linke, Nancy Parsons, Nina Axelrod",
  "Type" : "movie",
  "Metascore" : "N/A"
},
{
  "_id" : "56fb860e71a0651b0c306f95",
  "Language" : "English",
  "Box_office" : null,
  "Country" : "USA",
  "Rated" : "PG",
  "imdbID" : "tt0081063",
  "Awards" : "1 nomination.",
  "Poster" : "http://ia.media-imdb.com/images/M/MV5BMTQyMjQ3MzUzNF5BMl5BanBnXkFtZTYwOTY3ODk4._V1_SX300.jpg",
  "Director" : "Walter Bernstein",
  "Released" : "21 Mar 1980",
  "Writer" : "Damon Runyon (story), Walter Bernstein",
  "imdbVotes" : "979",
  "Runtime" : "103 min",
  "Response" : "True",
  "imdbRating" : "6.3",
  "Title" : "Little Miss Marker",
  "Genre" : "Comedy, Drama, Romance",
  "Actors" : "Walter Matthau, Julie Andrews, Tony Curtis, Bob Newhart",
  "Type" : "movie",
  "Metascore" : "N/A"
},
{
  "_id" : "56fb860e71a0651b0c306f96",
  "Language" : "English",
  "Box_office" : null,
  "Country" : "USA",
  "Rated" : "PG",
  "imdbID" : "tt0081269",
  "Awards" : "N/A",
  "Poster" : "http://ia.media-imdb.com/images/M/MV5BMTY4MjE4NTg1NV5BMl5BanBnXkFtZTcwMTQ1MDAzMQ@@._V1_SX300.jpg",
  "Director" : "Joe Camp",
  "Released" : "11 Jul 1980",
  "Writer" : "Rod Browning",
  "imdbVotes" : "1,820",
  "Runtime" : "103 min",
  "Response" : "True",
  "imdbRating" : "5.4",
  "Title" : "Oh Heavenly Dog",
  "Genre" : "Comedy, Crime, Fantasy",
  "Actors" : "Chevy Chase, Benjean, Jane Seymour, Omar Sharif",
  "Type" : "movie",
  "Metascore" : "N/A"
},
{
  "_id" : "56fb860e71a0651b0c306f97",
  "Language" : "English",
  "Box_office" : null,
  "Country" : "USA",
  "Rated" : "R",
  "imdbID" : "tt0080634",
  "Awards" : "N/A",
  "Poster" : "http://ia.media-imdb.com/images/M/MV5BMTM1ODMyMzIzNV5BMl5BanBnXkFtZTcwNjI5OTQyMQ@@._V1_SX300.jpg",
  "Director" : "Michael Ritchie",
  "Released" : "26 Sep 1980",
  "Writer" : "Jerry Blatt, Bette Midler, Bruce Vilanch",
  "imdbVotes" : "598",
  "Runtime" : "95 min",
  "Response" : "True",
  "imdbRating" : "7.0",
  "Title" : "Divine Madness",
  "Genre" : "Documentary, Comedy, Music",
  "Actors" : "Bette Midler, Jocelyn Brown, Ula Hedwig, Diva Gray",
  "Type" : "movie",
  "Metascore" : "N/A"
},
{
  "_id" : "56fb860e71a0651b0c306f98",
  "Language" : "English",
  "Box_office" : null,
  "Country" : "USA",
  "Rated" : "R",
  "imdbID" : "tt0080850",
  "Awards" : "N/A",
  "Poster" : "http://ia.media-imdb.com/images/M/MV5BMTgxNDMxNzM3Nl5BMl5BanBnXkFtZTYwOTg1Mjg5._V1_SX300.jpg",
  "Director" : "Armand Mastroianni",
  "Released" : "29 Aug 1980",
  "Writer" : "Scott Parker",
  "imdbVotes" : "2,065",
  "Runtime" : "94 min",
  "Response" : "True",
  "imdbRating" : "4.9",
  "Title" : "He Knows You're Alone",
  "Genre" : "Horror, Thriller",
  "Actors" : "Don Scardino, Caitlin O'Heaney, Elizabeth Kemp, Tom Rolfing",
  "Type" : "movie",
  "Metascore" : "N/A"
},
{
  "_id" : "56fb860e71a0651b0c306f99",
  "Language" : "English",
  "Box_office" : null,
  "Country" : "USA",
  "Rated" : "PG",
  "imdbID" : "tt0080550",
  "Awards" : "2 nominations.",
  "Poster" : "http://ia.media-imdb.com/images/M/MV5BMTI5MjQwOTE5MV5BMl5BanBnXkFtZTYwODk4MTk5._V1_SX300.jpg",
  "Director" : "Joseph Sargent",
  "Released" : "03 Oct 1980",
  "Writer" : "Stanley Weiser",
  "imdbVotes" : "295",
  "Runtime" : "95 min",
  "Response" : "True",
  "imdbRating" : "5.3",
  "Title" : "Coast to Coast",
  "Genre" : "Comedy, Drama, Romance",
  "Actors" : "Dyan Cannon, Robert Blake, Quinn K. Redeker, Michael Lerner",
  "Type" : "movie",
  "Metascore" : "N/A"
},
{
  "_id" : "56fb860e71a0651b0c306f9a",
  "Language" : "English",
  "Box_office" : null,
  "Country" : "USA",
  "Rated" : "R",
  "imdbID" : "tt0081758",
  "Awards" : "N/A",
  "Poster" : "http://ia.media-imdb.com/images/M/MV5BMjA2NjU3MTQwNl5BMl5BanBnXkFtZTYwNjU1MTk5._V1_SX300.jpg",
  "Director" : "Paul Mazursky",
  "Released" : "15 Aug 1980",
  "Writer" : "Paul Mazursky",
  "imdbVotes" : "320",
  "Runtime" : "115 min",
  "Response" : "True",
  "imdbRating" : "5.9",
  "Title" : "Willie & Phil",
  "Genre" : "Comedy, Drama, Romance",
  "Actors" : "Michael Ontkean, Margot Kidder, Ray Sharkey, Jan Miner",
  "Type" : "movie",
  "Metascore" : "N/A"
},
{
  "_id" : "56fb860e71a0651b0c306f9b",
  "Language" : "English",
  "Box_office" : null,
  "Country" : "USA",
  "Rated" : "R",
  "imdbID" : "tt0081150",
  "Awards" : "Won 2 Oscars. Another 15 wins & 9 nominations.",
  "Poster" : "http://ia.media-imdb.com/images/M/MV5BMTM4NzQ3NTk4NF5BMl5BanBnXkFtZTcwMDIzNDQyMQ@@._V1_SX300.jpg",
  "Director" : "Jonathan Demme",
  "Released" : "19 Sep 1980",
  "Writer" : "Bo Goldman",
  "imdbVotes" : "3,387",
  "Runtime" : "95 min",
  "Response" : "True",
  "imdbRating" : "6.9",
  "Title" : "Melvin and Howard",
  "Genre" : "Comedy, Drama",
  "Actors" : "Jason Robards, Paul Le Mat, Elizabeth Cheshire, Mary Steenburgen",
  "Type" : "movie",
  "Metascore" : "N/A"
},
{
  "_id" : "56fb860e71a0651b0c306f9c",
  "Language" : "English",
  "Box_office" : null,
  "Country" : "USA",
  "Rated" : "PG",
  "imdbID" : "tt0081433",
  "Awards" : "1 win & 1 nomination.",
  "Poster" : "http://ia.media-imdb.com/images/M/MV5BMTYzMDI0Nzk4Ml5BMl5BanBnXkFtZTYwNzI1NDg5._V1_SX300.jpg",
  "Director" : "Alan Rudolph",
  "Released" : "13 Jun 1980",
  "Writer" : "Big Boy Medlin (story), Michael Ventura (story), Zalman King (story), Alan Rudolph (story), Big Boy Medlin (screenplay), Michael Ventura (screenplay)",
  "imdbVotes" : "849",
  "Runtime" : "106 min",
  "Response" : "True",
  "imdbRating" : "5.1",
  "Title" : "Roadie",
  "Genre" : "Comedy, Musical",
  "Actors" : "Meat Loaf, Kaki Hunter, Art Carney, Gailard Sartain",
  "Type" : "movie",
  "Metascore" : "N/A"
},
{
  "_id" : "56fb860e71a0651b0c306f9d",
  "Language" : "English",
  "Box_office" : null,
  "Country" : "USA",
  "Rated" : "PG",
  "imdbID" : "tt0080798",
  "Awards" : "Nominated for 1 Oscar. Another 4 wins & 2 nominations.",
  "Poster" : "http://ia.media-imdb.com/images/M/MV5BMjA2MTQyMTIzM15BMl5BanBnXkFtZTcwNDczODMyMQ@@._V1_SX300.jpg",
  "Director" : "John Cassavetes",
  "Released" : "01 Oct 1980",
  "Writer" : "John Cassavetes",
  "imdbVotes" : "5,834",
  "Runtime" : "123 min",
  "Response" : "True",
  "imdbRating" : "7.1",
  "Title" : "Gloria",
  "Genre" : "Crime, Drama, Thriller",
  "Actors" : "Julie Carmen, Tony Knesich, Gregory Cleghorne, Buck Henry",
  "Type" : "movie",
  "Metascore" : "N/A"
},
{
  "_id" : "56fb860e71a0651b0c306f9e",
  "Language" : "Japanese",
  "Box_office" : null,
  "Country" : "Japan, USA",
  "Rated" : "PG",
  "imdbID" : "tt0080979",
  "Awards" : "Nominated for 2 Oscars. Another 20 wins & 3 nominations.",
  "Poster" : "http://ia.media-imdb.com/images/M/MV5BMTU4NDc5Mjk5OF5BMl5BanBnXkFtZTcwMDkyNjcyMQ@@._V1._CR13,27,286,392_SY132_CR3,0,89,132_AL_.jpg_V1_SX300.jpg",
  "Director" : "Akira Kurosawa",
  "Released" : "10 Oct 1980",
  "Writer" : "Masato Ide, Akira Kurosawa",
  "imdbVotes" : "22,867",
  "Runtime" : "162 min",
  "Response" : "True",
  "imdbRating" : "8.0",
  "Title" : "Kagemusha",
  "Genre" : "Drama, History, War",
  "Actors" : "Tatsuya Nakadai, Tsutomu Yamazaki, Ken'ichi Hagiwara, Jinpachi Nezu",
  "Type" : "movie",
  "Metascore" : "N/A"
},
{
  "_id" : "56fb860e71a0651b0c306f9f",
  "Language" : "English",
  "Box_office" : null,
  "Country" : "USA",
  "Rated" : "PG",
  "imdbID" : "tt0081414",
  "Awards" : "Nominated for 2 Oscars. Another 3 wins & 6 nominations.",
  "Poster" : "http://ia.media-imdb.com/images/M/MV5BMjEyNDQyNjU4Nl5BMl5BanBnXkFtZTcwMjMzMDAyMw@@._V1_SX300.jpg",
  "Director" : "Daniel Petrie",
  "Released" : "26 Sep 1980",
  "Writer" : "Lewis John Carlino",
  "imdbVotes" : "2,119",
  "Runtime" : "103 min",
  "Response" : "True",
  "imdbRating" : "7.4",
  "Title" : "Resurrection",
  "Genre" : "Drama, Fantasy",
  "Actors" : "Ellen Burstyn, Sam Shepard, Richard Farnsworth, Roberts Blossom",
  "Type" : "movie",
  "Metascore" : "N/A"
},
{
  "_id" : "56fb860e71a0651b0c306fa0",
  "Language" : "English",
  "Box_office" : null,
  "Country" : "USA",
  "Rated" : "PG",
  "imdbID" : "tt0080868",
  "Awards" : "N/A",
  "Poster" : "http://ia.media-imdb.com/images/M/MV5BMTIwNDU4NjYwMl5BMl5BanBnXkFtZTYwMTk1Mjg5._V1_SX300.jpg",
  "Director" : "James Caan",
  "Released" : "21 Mar 1980",
  "Writer" : "Leslie Waller (book), Spencer Eastman (screenplay)",
  "imdbVotes" : "460",
  "Runtime" : "92 min",
  "Response" : "True",
  "imdbRating" : "6.3",
  "Title" : "Hide in Plain Sight",
  "Genre" : "Drama",
  "Actors" : "James Caan, Jill Eikenberry, Robert Viharo, Joe Grifasi",
  "Type" : "movie",
  "Metascore" : "N/A"
},
{
  "_id" : "56fb860e71a0651b0c306fa1",
  "Language" : "English",
  "Box_office" : "1,700,000",
  "Country" : "Canada, USA",
  "Rated" : "PG",
  "imdbID" : "tt0081747",
  "Awards" : "N/A",
  "Poster" : "http://ia.media-imdb.com/images/M/MV5BMTU3ODA2OTY2OV5BMl5BanBnXkFtZTcwMzA4MTQyMQ@@._V1_SX300.jpg",
  "Director" : "James Goldstone",
  "Released" : "28 Mar 1980",
  "Writer" : "Gordon Thomas (based on the novel \\",
  "imdbVotes" : "1,902",
  "Runtime" : "121 min",
  "Response" : "True",
  "imdbRating" : "4.3",
  "Title" : "When Time Ran Out...",
  "Genre" : "Action, Adventure, Drama",
  "Actors" : "Paul Newman, Jacqueline Bisset, William Holden, Edward Albert",
  "Type" : "movie",
  "Metascore" : "N/A"
},
{
  "_id" : "56fb860e71a0651b0c306fa2",
  "Language" : "English, Russian, French, Polish, German",
  "Box_office" : "1,500,000",
  "Country" : "USA",
  "Rated" : "R",
  "imdbID" : "tt0080855",
  "Awards" : "Nominated for 1 Oscar. Another 2 wins & 8 nominations.",
  "Poster" : "http://ia.media-imdb.com/images/M/MV5BMjAxNDE5MzQ5M15BMl5BanBnXkFtZTcwNTk3MTE3NA@@._V1_SX300.jpg",
  "Director" : "Michael Cimino",
  "Released" : "19 Nov 1980",
  "Writer" : "Michael Cimino",
  "imdbVotes" : "9,324",
  "Runtime" : "325 min",
  "Response" : "True",
  "imdbRating" : "6.7",
  "Title" : "Heaven's Gate",
  "Genre" : "Adventure, Drama, Western",
  "Actors" : "Kris Kristofferson, Christopher Walken, John Hurt, Sam Waterston",
  "Type" : "movie",
  "Metascore" : "N/A"
},
{
  "_id" : "56fb860e71a0651b0c306fa3",
  "Language" : "English",
  "Box_office" : null,
  "Country" : "USA",
  "Rated" : "PG",
  "imdbID" : "tt0081159",
  "Awards" : "N/A",
  "Poster" : "http://ia.media-imdb.com/images/M/MV5BMjE1NzMxNDQ5NV5BMl5BanBnXkFtZTcwMTk1NzQyMQ@@._V1_SX300.jpg",
  "Director" : "Michael Nankin, David Wechter",
  "Released" : "08 Feb 1980",
  "Writer" : "David Wechter, Michael Nankin",
  "imdbVotes" : "2,458",
  "Runtime" : "112 min",
  "Response" : "True",
  "imdbRating" : "6.5",
  "Title" : "Midnight Madness",
  "Genre" : "Family, Comedy",
  "Actors" : "David Naughton, Debra Clinger, David Damas, Michael J. Fox",
  "Type" : "movie",
  "Metascore" : "N/A"
},
{
  "_id" : "56fb860e71a0651b0c306fa4",
  "Language" : "English",
  "Box_office" : null,
  "Country" : "USA",
  "Rated" : "PG",
  "imdbID" : "tt0081080",
  "Awards" : "N/A",
  "Poster" : "http://ia.media-imdb.com/images/M/MV5BMTc4OTA1NTk0OF5BMl5BanBnXkFtZTcwNDgwNjkzMQ@@._V1_SX300.jpg",
  "Director" : "Jack Smight",
  "Released" : "24 Oct 1980",
  "Writer" : "Martin Donovan (screenplay)",
  "imdbVotes" : "240",
  "Runtime" : "97 min",
  "Response" : "True",
  "imdbRating" : "5.2",
  "Title" : "Loving Couples",
  "Genre" : "Comedy",
  "Actors" : "Shirley MacLaine, James Coburn, Susan Sarandon, Stephen Collins",
  "Type" : "movie",
  "Metascore" : "N/A"
},
{
  "_id" : "56fb860e71a0651b0c306fa5",
  "Language" : "English",
  "Box_office" : null,
  "Country" : "USA",
  "Rated" : "PG",
  "imdbID" : "tt0080913",
  "Awards" : "Won 1 Golden Globe. Another 2 nominations.",
  "Poster" : "http://ia.media-imdb.com/images/M/MV5BMTkxMjAwMzU5OF5BMl5BanBnXkFtZTcwODgzNzA2NA@@._V1_SX300.jpg",
  "Director" : "Taylor Hackford",
  "Released" : "14 Nov 1980",
  "Writer" : "Edward Di Lorenzo",
  "imdbVotes" : "922",
  "Runtime" : "117 min",
  "Response" : "True",
  "imdbRating" : "6.9",
  "Title" : "The Idolmaker",
  "Genre" : "Biography, Drama, Music",
  "Actors" : "Ray Sharkey, Tovah Feldshuh, Peter Gallagher, Paul Land",
  "Type" : "movie",
  "Metascore" : "N/A"
},
{
  "_id" : "56fb860e71a0651b0c306fa6",
  "Language" : "English",
  "Box_office" : null,
  "Country" : "USA",
  "Rated" : "PG",
  "imdbID" : "tt0080442",
  "Awards" : "1 win.",
  "Poster" : "http://ia.media-imdb.com/images/M/MV5BMTc1MDM2Nzk5OF5BMl5BanBnXkFtZTYwMDg1Mjg5._V1_SX300.jpg",
  "Director" : "Harold Becker",
  "Released" : "07 Mar 1980",
  "Writer" : "Joseph Wambaugh (novel), Joseph Wambaugh (screenplay)",
  "imdbVotes" : "393",
  "Runtime" : "113 min",
  "Response" : "True",
  "imdbRating" : "6.3",
  "Title" : "The Black Marble",
  "Genre" : "Crime, Romance, Comedy",
  "Actors" : "Robert Foxworth, Paula Prentiss, Harry Dean Stanton, Barbara Babcock",
  "Type" : "movie",
  "Metascore" : "N/A"
},
{
  "_id" : "56fb860e71a0651b0c306fa7",
  "Language" : "English",
  "Box_office" : null,
  "Country" : "USA",
  "Rated" : "R",
  "imdbID" : "tt0080790",
  "Awards" : "N/A",
  "Poster" : "http://ia.media-imdb.com/images/M/MV5BOTI1NTk3OTQxNl5BMl5BanBnXkFtZTYwNzM5NTg5._V1_SX300.jpg",
  "Director" : "Mike Nichols, Lorne Michaels",
  "Released" : "28 Mar 1980",
  "Writer" : "Anne Beatts, Lorne Michaels, Marilyn Suzanne Miller, Don Novello, Michael O'Donoghue, Gilda Radner, Paul Shaffer, Rosie Shuster, Alan Zweibel",
  "imdbVotes" : "373",
  "Runtime" : "96 min",
  "Response" : "True",
  "imdbRating" : "7.0",
  "Title" : "Gilda Live",
  "Genre" : "Comedy, Documentary",
  "Actors" : "Gilda Radner, Don Novello, Paul Shaffer, Nils Nichols",
  "Type" : "movie",
  "Metascore" : "N/A"
},
{
  "_id" : "56fb860e71a0651b0c306fa8",
  "Language" : "English",
  "Box_office" : null,
  "Country" : "USA",
  "Rated" : "R",
  "imdbID" : "tt0081759",
  "Awards" : "6 nominations.",
  "Poster" : "http://ia.media-imdb.com/images/M/MV5BMTIzMDk2OTY1Nl5BMl5BanBnXkFtZTYwNzY1MTk5._V1_SX300.jpg",
  "Director" : "Gordon Willis",
  "Released" : "18 Jan 1980",
  "Writer" : "Barry Siegel",
  "imdbVotes" : "301",
  "Runtime" : "96 min",
  "Response" : "True",
  "imdbRating" : "4.4",
  "Title" : "Windows",
  "Genre" : "Drama, Thriller",
  "Actors" : "Talia Shire, Joe Cortese, Elizabeth Ashley, Kay Medford",
  "Type" : "movie",
  "Metascore" : "N/A"
},
{
  "_id" : "56fb860e71a0651b0c306fa9",
  "Language" : "English",
  "Box_office" : null,
  "Country" : "USA",
  "Rated" : "R",
  "imdbID" : "tt0080975",
  "Awards" : "1 win & 1 nomination.",
  "Poster" : "http://ia.media-imdb.com/images/M/MV5BMTI1MjAzNjI4MV5BMl5BanBnXkFtZTYwODUwNzg5._V1_SX300.jpg",
  "Director" : "Sidney Lumet",
  "Released" : "18 Jan 1980",
  "Writer" : "Jay Presson Allen (novel), Jay Presson Allen (screenplay)",
  "imdbVotes" : "384",
  "Runtime" : "112 min",
  "Response" : "True",
  "imdbRating" : "5.7",
  "Title" : "Just Tell Me What You Want",
  "Genre" : "Comedy, Romance",
  "Actors" : "Ali MacGraw, Alan King, Myrna Loy, Keenan Wynn",
  "Type" : "movie",
  "Metascore" : "N/A"
},
{
  "_id" : "56fb860e71a0651b0c306faa",
  "Language" : "English, French",
  "Box_office" : null,
  "Country" : "USA",
  "Rated" : "G",
  "imdbID" : "tt0080461",
  "Awards" : "N/A",
  "Poster" : "http://ia.media-imdb.com/images/M/MV5BMTIyNjc2NTMyMl5BMl5BanBnXkFtZTYwNjI1Mjk5._V1_SX300.jpg",
  "Director" : "Bill Melendez, Phil Roman",
  "Released" : "30 May 1980",
  "Writer" : "Charles M. Schulz (comic strip \\",
  "imdbVotes" : "1,960",
  "Runtime" : "75 min",
  "Response" : "True",
  "imdbRating" : "7.4",
  "Title" : "Bon Voyage, Charlie Brown (and Don't Come Back!!)",
  "Genre" : "Animation, Comedy, Family",
  "Actors" : "Daniel Anderson, Scott Beach, Casey Carlson, Debbie Muller",
  "Type" : "movie",
  "Metascore" : "N/A"
},
{
  "_id" : "56fb860e71a0651b0c306fab",
  "Language" : "English",
  "Box_office" : null,
  "Country" : "USA",
  "Rated" : "R",
  "imdbID" : "tt0080500",
  "Awards" : "N/A",
  "Poster" : "http://ia.media-imdb.com/images/M/MV5BMTMyNDUwNzQ2MF5BMl5BanBnXkFtZTcwNjEwOTIxMw@@._V1_SX300.jpg",
  "Director" : "Robert Kaylor",
  "Released" : "23 May 1980",
  "Writer" : "Phoebe Kaylor (story), Robert Kaylor (story), Robbie Robertson (story), Thomas Baum (screenplay)",
  "imdbVotes" : "1,397",
  "Runtime" : "107 min",
  "Response" : "True",
  "imdbRating" : "6.5",
  "Title" : "Carny",
  "Genre" : "Drama",
  "Actors" : "Gary Busey, Jodie Foster, Robbie Robertson, Meg Foster",
  "Type" : "movie",
  "Metascore" : "N/A"
},
{
  "_id" : "56fb860e71a0651b0c306fac",
  "Language" : "English",
  "Box_office" : null,
  "Country" : "USA",
  "Rated" : "PG",
  "imdbID" : "tt0081753",
  "Awards" : "2 nominations.",
  "Poster" : "N/A",
  "Director" : "Larry Peerce",
  "Released" : "08 Aug 1980",
  "Writer" : "Hollis Hodges (novel), Peter Stone",
  "imdbVotes" : "179",
  "Runtime" : "105 min",
  "Response" : "True",
  "imdbRating" : "6.5",
  "Title" : "Why Would I Lie?",
  "Genre" : "Comedy, Drama",
  "Actors" : "Treat Williams, Lisa Eichhorn, Gabriel Macht, Susan Heldfond",
  "Type" : "movie",
  "Metascore" : "N/A"
},
{
  "_id" : "56fb860e71a0651b0c306fad",
  "Language" : "English",
  "Box_office" : null,
  "Country" : "USA",
  "Rated" : "R",
  "imdbID" : "tt0081235",
  "Awards" : "N/A",
  "Poster" : "http://ia.media-imdb.com/images/M/MV5BMTc3NjQ5OTk3OF5BMl5BanBnXkFtZTYwMTI1ODg5._V1_SX300.jpg",
  "Director" : "Herbert Ross",
  "Released" : "21 Mar 1980",
  "Writer" : "Hugh Wheeler (screenplay), Romola Nijinsky (book), Vaslav Nijinsky (diary)",
  "imdbVotes" : "494",
  "Runtime" : "129 min",
  "Response" : "True",
  "imdbRating" : "6.8",
  "Title" : "Nijinsky",
  "Genre" : "Biography, Drama, Music",
  "Actors" : "Alan Bates, George De La Pena, Leslie Browne, Alan Badel",
  "Type" : "movie",
  "Metascore" : "N/A"
},
{
  "_id" : "56fb860e71a0651b0c306fae",
  "Language" : "English",
  "Box_office" : null,
  "Country" : "USA",
  "Rated" : "R",
  "imdbID" : "tt0080854",
  "Awards" : "N/A",
  "Poster" : "http://ia.media-imdb.com/images/M/MV5BMTY1ODQxMTY3MV5BMl5BanBnXkFtZTYwOTYzNjg5._V1_SX300.jpg",
  "Director" : "John Byrum",
  "Released" : "24 Sep 1980",
  "Writer" : "John Byrum",
  "imdbVotes" : "399",
  "Runtime" : "110 min",
  "Response" : "True",
  "imdbRating" : "6.0",
  "Title" : "Heart Beat",
  "Genre" : "Drama",
  "Actors" : "Nick Nolte, Sissy Spacek, John Heard, Ray Sharkey",
  "Type" : "movie",
  "Metascore" : "N/A"
},
{
  "_id" : "56fb860e71a0651b0c306faf",
  "Language" : "English",
  "Box_office" : null,
  "Country" : "USA",
  "Rated" : "R",
  "imdbID" : "tt0081280",
  "Awards" : "1 nomination.",
  "Poster" : "http://ia.media-imdb.com/images/M/MV5BMTQxOTM4NDI2M15BMl5BanBnXkFtZTgwMjE0MjEyMDE@._V1_SX300.jpg",
  "Director" : "Robert M. Young",
  "Released" : "03 Oct 1980",
  "Writer" : "Paul Simon",
  "imdbVotes" : "459",
  "Runtime" : "98 min",
  "Response" : "True",
  "imdbRating" : "5.8",
  "Title" : "One-Trick Pony",
  "Genre" : "Drama",
  "Actors" : "Paul Simon, Blair Brown, Rip Torn, Joan Hackett",
  "Type" : "movie",
  "Metascore" : "N/A"
},
{
  "_id" : "56fb860e71a0651b0c306fb0",
  "Language" : "English",
  "Box_office" : null,
  "Country" : "USA",
  "Rated" : "R",
  "imdbID" : "tt0081625",
  "Awards" : "N/A",
  "Poster" : "http://ia.media-imdb.com/images/M/MV5BMTU3NjU5NTY4N15BMl5BanBnXkFtZTYwNDQ4MDk5._V1_SX300.jpg",
  "Director" : "Michael Pressman",
  "Released" : "15 Aug 1980",
  "Writer" : "David Shaber",
  "imdbVotes" : "192",
  "Runtime" : "105 min",
  "Response" : "True",
  "imdbRating" : "6.7",
  "Title" : "Those Lips, Those Eyes",
  "Genre" : "Comedy, Romance",
  "Actors" : "Frank Langella, Glynnis O'Connor, Tom Hulce, Jerry Stiller",
  "Type" : "movie",
  "Metascore" : "N/A"
},
{
  "_id" : "56fb860e71a0651b0c306fb1",
  "Language" : "English",
  "Box_office" : null,
  "Country" : "USA",
  "Rated" : "R",
  "imdbID" : "tt0081528",
  "Awards" : "N/A",
  "Poster" : "http://ia.media-imdb.com/images/M/MV5BMjEzOTEzODU3OF5BMl5BanBnXkFtZTcwMjgyOTUyMQ@@._V1_SX300.jpg",
  "Director" : "Rob Cohen",
  "Released" : "09 Oct 1980",
  "Writer" : "Ezra Sacks",
  "imdbVotes" : "321",
  "Runtime" : "113 min",
  "Response" : "True",
  "imdbRating" : "6.0",
  "Title" : "A Small Circle of Friends",
  "Genre" : "Drama",
  "Actors" : "Brad Davis, Karen Allen, Jameson Parker, Shelley Long",
  "Type" : "movie",
  "Metascore" : "N/A"
},
{
  "_id" : "56fb860e71a0651b0c306fb2",
  "Language" : "English",
  "Box_office" : null,
  "Country" : "USA",
  "Rated" : "PG",
  "imdbID" : "tt0081044",
  "Awards" : "N/A",
  "Poster" : "http://ia.media-imdb.com/images/M/MV5BMjEzMDIzNDUwOV5BMl5BanBnXkFtZTYwNTg4NTEz._V1_SX300.jpg",
  "Director" : "Jerry Paris",
  "Released" : "01 Apr 1980",
  "Writer" : "James Ritz",
  "imdbVotes" : "38",
  "Runtime" : "97 min",
  "Response" : "True",
  "imdbRating" : "5.2",
  "Title" : "Leo and Loree",
  "Genre" : "Romance, Comedy",
  "Actors" : "Don Most, Linda Purl, David Huffman, Jerry Paris",
  "Type" : "movie",
  "Metascore" : "N/A"
},
{
  "_id" : "56fb860e71a0651b0c306fb3",
  "Language" : "English",
  "Box_office" : null,
  "Country" : "USA",
  "Rated" : "PG",
  "imdbID" : "tt0079302",
  "Awards" : "N/A",
  "Poster" : "http://ia.media-imdb.com/images/M/MV5BMjEyMjU2MTA1Nl5BMl5BanBnXkFtZTcwMzQ3OTAyMQ@@._V1_SX300.jpg",
  "Director" : "Brian De Palma",
  "Released" : "10 Apr 1980",
  "Writer" : "Kim Ambler, Brian De Palma (story), Dana Edelman, Robert Harders, Stephen Le May, Charlie Loventhal, Gloria Norris",
  "imdbVotes" : "516",
  "Runtime" : "90 min",
  "Response" : "True",
  "imdbRating" : "5.3",
  "Title" : "Home Movies",
  "Genre" : "Comedy",
  "Actors" : "Nancy Allen, Mary Davenport, Kirk Douglas, Vincent Gardenia",
  "Type" : "movie",
  "Metascore" : "N/A"
},
{
  "_id" : "56fb860e71a0651b0c306fb4",
  "Language" : "English",
  "Box_office" : null,
  "Country" : "Canada, USA",
  "Rated" : "R",
  "imdbID" : "tt0081334",
  "Awards" : "1 nomination.",
  "Poster" : "http://ia.media-imdb.com/images/M/MV5BMTc4NzQ2MzA3N15BMl5BanBnXkFtZTYwNDc5ODg5._V1_SX300.jpg",
  "Director" : "John Huston",
  "Released" : "09 Sep 1980",
  "Writer" : "Gary Sherman (story), Ronald Shusett (story), Lew Lehman, Jimmy Sangster, Peter Bellwood",
  "imdbVotes" : "295",
  "Runtime" : "94 min",
  "Response" : "True",
  "imdbRating" : "3.6",
  "Title" : "Phobia",
  "Genre" : "Drama, Horror, Thriller",
  "Actors" : "Paul Michael Glaser, Susan Hogan, John Colicos, David Bolt",
  "Type" : "movie",
  "Metascore" : "N/A"
},
{
  "_id" : "56fb860e71a0651b0c306fb5",
  "Language" : "English",
  "Box_office" : null,
  "Country" : "UK",
  "Rated" : "PG",
  "imdbID" : "tt0080469",
  "Awards" : "1 nomination.",
  "Poster" : "http://ia.media-imdb.com/images/M/MV5BMTUzODkwMTEzMF5BMl5BanBnXkFtZTcwMjc4MTgxMQ@@._V1_SX300.jpg",
  "Director" : "Brian Gibson",
  "Released" : "01 Sep 1980",
  "Writer" : "Brian Gibson",
  "imdbVotes" : "839",
  "Runtime" : "104 min",
  "Response" : "True",
  "imdbRating" : "7.0",
  "Title" : "Breaking Glass",
  "Genre" : "Drama, Musical",
  "Actors" : "Phil Daniels, Hazel O'Connor, Jon Finch, Jonathan Pryce",
  "Type" : "movie",
  "Metascore" : "N/A"
}

]