[
{
  "_id" : "56fb882271a0651a3c24f7b3",
  "Response" : "True",
  "Language" : "English, German, Hebrew, Spanish, Arabic, Nepali",
  "imdbVotes" : "639,399",
  "Runtime" : "115 min",
  "Released" : "12 Jun 1981",
  "Actors" : "Harrison Ford, Karen Allen, Paul Freeman, Ronald Lacey",
  "Writer" : "Lawrence Kasdan (screenplay), George Lucas (story), Philip Kaufman (story)",
  "Director" : "Steven Spielberg",
  "Country" : "USA",
  "Genre" : "Action, Adventure",
  "Poster" : "http://ia.media-imdb.com/images/M/MV5BMjA0ODEzMTc1Nl5BMl5BanBnXkFtZTcwODM2MjAxNA@@._V1_SX300.jpg",
  "imdbRating" : "8.5",
  "Metascore" : "90",
  "Box_office" : "242,374,454",
  "Type" : "movie",
  "Rated" : "PG",
  "Awards" : "Won 4 Oscars. Another 29 wins & 23 nominations.",
  "Title" : "Raiders of the Lost Ark",
  "imdbID" : "tt0082971"
},
{
  "_id" : "56fb882271a0651a3c24f7b4",
  "Response" : "True",
  "Language" : "English",
  "imdbVotes" : "20,878",
  "Runtime" : "109 min",
  "Released" : "12 Feb 1982",
  "Actors" : "Katharine Hepburn, Henry Fonda, Jane Fonda, Doug McKeon",
  "Writer" : "Ernest Thompson (screenplay), Ernest Thompson (based on his play)",
  "Director" : "Mark Rydell",
  "Country" : "UK, USA",
  "Genre" : "Drama",
  "Poster" : "http://ia.media-imdb.com/images/M/MV5BNDg3MTIzMTYxNl5BMl5BanBnXkFtZTcwMjAxNzY0MQ@@._V1_SX300.jpg",
  "imdbRating" : "7.7",
  "Metascore" : "N/A",
  "Box_office" : "119,285,432",
  "Type" : "movie",
  "Rated" : "PG",
  "Awards" : "Won 3 Oscars. Another 11 wins & 23 nominations.",
  "Title" : "On Golden Pond",
  "imdbID" : "tt0082846"
},
{
  "_id" : "56fb882271a0651a3c24f7b5",
  "Response" : "True",
  "Language" : "English",
  "imdbVotes" : "20,880",
  "Runtime" : "97 min",
  "Released" : "17 Jul 1981",
  "Actors" : "Dudley Moore, Liza Minnelli, John Gielgud, Geraldine Fitzgerald",
  "Writer" : "Steve Gordon",
  "Director" : "Steve Gordon",
  "Country" : "USA",
  "Genre" : "Comedy, Romance",
  "Poster" : "http://ia.media-imdb.com/images/M/MV5BMTI0OTI2Mjg2OF5BMl5BanBnXkFtZTYwNzk0NDI5._V1_SX300.jpg",
  "imdbRating" : "6.9",
  "Metascore" : "N/A",
  "Box_office" : "95,461,682",
  "Type" : "movie",
  "Rated" : "PG",
  "Awards" : "Won 2 Oscars. Another 9 wins & 6 nominations.",
  "Title" : "Arthur",
  "imdbID" : "tt0082031"
},
{
  "_id" : "56fb882271a0651a3c24f7b6",
  "Response" : "True",
  "Language" : "English, Russian, Polish",
  "imdbVotes" : "46,715",
  "Runtime" : "106 min",
  "Released" : "26 Jun 1981",
  "Actors" : "Bill Murray, Harold Ramis, Warren Oates, P.J. Soles",
  "Writer" : "Len Blum, Daniel Goldberg, Harold Ramis",
  "Director" : "Ivan Reitman",
  "Country" : "USA",
  "Genre" : "Action, Comedy, War",
  "Poster" : "http://ia.media-imdb.com/images/M/MV5BMTQ3NzU2NjYyNF5BMl5BanBnXkFtZTgwMjg1MzQxMDE@._V1_SX300.jpg",
  "imdbRating" : "6.9",
  "Metascore" : "N/A",
  "Box_office" : "85,300,000",
  "Type" : "movie",
  "Rated" : "R",
  "Awards" : "N/A",
  "Title" : "Stripes",
  "imdbID" : "tt0083131"
},
{
  "_id" : "56fb882271a0651a3c24f7b7",
  "Response" : "True",
  "Language" : "English, Cantonese, Japanese, Arabic",
  "imdbVotes" : "25,131",
  "Runtime" : "95 min",
  "Released" : "19 Jun 1981",
  "Actors" : "Burt Reynolds, Roger Moore, Farrah Fawcett, Dom DeLuise",
  "Writer" : "Brock Yates",
  "Director" : "Hal Needham",
  "Country" : "USA, Hong Kong",
  "Genre" : "Action, Comedy, Sport",
  "Poster" : "http://ia.media-imdb.com/images/M/MV5BMTMwNzYwMDg1NV5BMl5BanBnXkFtZTcwNzY2NjUxMQ@@._V1_SX300.jpg",
  "imdbRating" : "6.1",
  "Metascore" : "N/A",
  "Box_office" : "59,900,000",
  "Type" : "movie",
  "Rated" : "PG",
  "Awards" : "1 win & 2 nominations.",
  "Title" : "The Cannonball Run",
  "imdbID" : "tt0082136"
},
{
  "_id" : "56fb882271a0651a3c24f7b8",
  "Response" : "True",
  "Language" : "English, French",
  "imdbVotes" : "39,224",
  "Runtime" : "125 min",
  "Released" : "09 Apr 1982",
  "Actors" : "Nicholas Farrell, Nigel Havers, Ian Charleson, Ben Cross",
  "Writer" : "Colin Welland (original screenplay)",
  "Director" : "Hugh Hudson",
  "Country" : "UK",
  "Genre" : "Biography, Drama, Sport",
  "Poster" : "http://ia.media-imdb.com/images/M/MV5BMTk3MTE3Mzg4MV5BMl5BanBnXkFtZTcwOTY0NTM1Mg@@._V1_SX300.jpg",
  "imdbRating" : "7.3",
  "Metascore" : "N/A",
  "Box_office" : "58,800,000",
  "Type" : "movie",
  "Rated" : "PG",
  "Awards" : "Won 4 Oscars. Another 14 wins & 19 nominations.",
  "Title" : "Chariots of Fire",
  "imdbID" : "tt0082158"
},
{
  "_id" : "56fb882271a0651a3c24f7b9",
  "Response" : "True",
  "Language" : "English, Greek, Italian",
  "imdbVotes" : "69,948",
  "Runtime" : "127 min",
  "Released" : "26 Jun 1981",
  "Actors" : "Roger Moore, Carole Bouquet, Topol, Lynn-Holly Johnson",
  "Writer" : "Richard Maibaum (screenplay), Michael G. Wilson (screenplay)",
  "Director" : "John Glen",
  "Country" : "UK",
  "Genre" : "Action, Adventure, Thriller",
  "Poster" : "http://ia.media-imdb.com/images/M/MV5BOTEwNzY5OTgyNl5BMl5BanBnXkFtZTcwMDAxNzczNA@@._V1_SX300.jpg",
  "imdbRating" : "6.8",
  "Metascore" : "N/A",
  "Box_office" : "62,300,000",
  "Type" : "movie",
  "Rated" : "PG",
  "Awards" : "Nominated for 1 Oscar. Another 2 wins & 4 nominations.",
  "Title" : "For Your Eyes Only",
  "imdbID" : "tt0082398"
},
{
  "_id" : "56fb882271a0651a3c24f7ba",
  "Response" : "True",
  "Language" : "English",
  "imdbVotes" : "3,089",
  "Runtime" : "107 min",
  "Released" : "22 May 1981",
  "Actors" : "Alan Alda, Carol Burnett, Len Cariou, Sandy Dennis",
  "Writer" : "Alan Alda",
  "Director" : "Alan Alda",
  "Country" : "USA",
  "Genre" : "Comedy, Drama",
  "Poster" : "http://ia.media-imdb.com/images/M/MV5BMjAyNjEzNDE3M15BMl5BanBnXkFtZTcwNzcxODgyMQ@@._V1_SX300.jpg",
  "imdbRating" : "7.2",
  "Metascore" : "N/A",
  "Box_office" : null,
  "Type" : "movie",
  "Rated" : "PG",
  "Awards" : "Nominated for 4 Golden Globes. Another 1 win & 1 nomination.",
  "Title" : "The Four Seasons",
  "imdbID" : "tt0082405"
},
{
  "_id" : "56fb882271a0651a3c24f7bb",
  "Response" : "True",
  "Language" : "English",
  "imdbVotes" : "44,586",
  "Runtime" : "110 min",
  "Released" : "06 Nov 1981",
  "Actors" : "John Cleese, Sean Connery, Shelley Duvall, Katherine Helmond",
  "Writer" : "Michael Palin, Terry Gilliam",
  "Director" : "Terry Gilliam",
  "Country" : "UK",
  "Genre" : "Adventure, Comedy, Fantasy",
  "Poster" : "http://ia.media-imdb.com/images/M/MV5BMTg2MDYwMzM0NF5BMl5BanBnXkFtZTcwODI3MTQ5OQ@@._V1_SX300.jpg",
  "imdbRating" : "7.0",
  "Metascore" : "N/A",
  "Box_office" : "42,365,600",
  "Type" : "movie",
  "Rated" : "PG",
  "Awards" : "1 win & 8 nominations.",
  "Title" : "Time Bandits",
  "imdbID" : "tt0081633"
},
{
  "_id" : "56fb882271a0651a3c24f7bc",
  "Response" : "True",
  "Language" : "English, Spanish",
  "imdbVotes" : "9,093",
  "Runtime" : "116 min",
  "Released" : "18 Dec 1981",
  "Actors" : "Paul Newman, Sally Field, Bob Balaban, Melinda Dillon",
  "Writer" : "Kurt Luedtke",
  "Director" : "Sydney Pollack",
  "Country" : "USA",
  "Genre" : "Drama, Romance, Thriller",
  "Poster" : "http://ia.media-imdb.com/images/M/MV5BMTQwMDg2NjI0MV5BMl5BanBnXkFtZTcwMTE0ODY0NA@@._V1_SX300.jpg",
  "imdbRating" : "6.9",
  "Metascore" : "N/A",
  "Box_office" : "40,700,000",
  "Type" : "movie",
  "Rated" : "PG",
  "Awards" : "Nominated for 3 Oscars. Another 3 wins & 5 nominations.",
  "Title" : "Absence of Malice",
  "imdbID" : "tt0081974"
},
{
  "_id" : "56fb882271a0651a3c24f7bd",
  "Response" : "True",
  "Language" : "English, Russian, German, French, Finnish",
  "imdbVotes" : "15,876",
  "Runtime" : "195 min",
  "Released" : "25 Dec 1981",
  "Actors" : "Warren Beatty, Diane Keaton, Edward Herrmann, Jerzy Kosinski",
  "Writer" : "Warren Beatty, Trevor Griffiths",
  "Director" : "Warren Beatty",
  "Country" : "USA",
  "Genre" : "Biography, Drama, History",
  "Poster" : "http://ia.media-imdb.com/images/M/MV5BNzM5NjQyNDI4OF5BMl5BanBnXkFtZTcwODEzOTYzMQ@@._V1_SX300.jpg",
  "imdbRating" : "7.5",
  "Metascore" : "N/A",
  "Box_office" : null,
  "Type" : "movie",
  "Rated" : "R",
  "Awards" : "Won 3 Oscars. Another 19 wins & 34 nominations.",
  "Title" : "Reds",
  "imdbID" : "tt0082979"
},
{
  "_id" : "56fb882271a0651a3c24f7be",
  "Response" : "True",
  "Language" : "English",
  "imdbVotes" : "61,130",
  "Runtime" : "83 min",
  "Released" : "10 Jul 1981",
  "Actors" : "Mickey Rooney, Kurt Russell, Pearl Bailey, Jack Albertson",
  "Writer" : "Daniel P. Mannix (based on the book by), Larry Clemmons (story), Ted Berman (story), David Michener (story), Peter Young (story), Burny Mattinson (story), Steve Hulett (story), Earl Kress (story), Vance Gerry (story)",
  "Director" : "Ted Berman, Richard Rich, Art Stevens",
  "Country" : "USA",
  "Genre" : "Animation, Adventure, Drama",
  "Poster" : "http://ia.media-imdb.com/images/M/MV5BMTQ3Njc0MjU4NF5BMl5BanBnXkFtZTcwMzcxMzUzMQ@@._V1_SX300.jpg",
  "imdbRating" : "7.3",
  "Metascore" : "N/A",
  "Box_office" : "29,800,000",
  "Type" : "movie",
  "Rated" : "G",
  "Awards" : "1 win & 2 nominations.",
  "Title" : "The Fox and the Hound",
  "imdbID" : "tt0082406"
},
{
  "_id" : "56fb882271a0651a3c24f7bf",
  "Response" : "True",
  "Language" : "English",
  "imdbVotes" : "4,059",
  "Runtime" : "107 min",
  "Released" : "24 Jul 1981",
  "Actors" : "Bo Derek, Richard Harris, John Phillip Law, Miles O'Keeffe",
  "Writer" : "Tom Rowe (screenplay), Edgar Rice Burroughs (characters), Gary Goddard",
  "Director" : "John Derek",
  "Country" : "USA",
  "Genre" : "Adventure",
  "Poster" : "http://ia.media-imdb.com/images/M/MV5BMTUwOTIzNDUyNV5BMl5BanBnXkFtZTYwMTkwNTc4._V1_SX300.jpg",
  "imdbRating" : "3.2",
  "Metascore" : "N/A",
  "Box_office" : null,
  "Type" : "movie",
  "Rated" : "R",
  "Awards" : "2 wins & 7 nominations.",
  "Title" : "Tarzan, the Ape Man",
  "imdbID" : "tt0083170"
},
{
  "_id" : "56fb882271a0651a3c24f7c0",
  "Response" : "True",
  "Language" : "English",
  "imdbVotes" : "12,500",
  "Runtime" : "126 min",
  "Released" : "25 Dec 1981",
  "Actors" : "George C. Scott, Timothy Hutton, Ronny Cox, Sean Penn",
  "Writer" : "Darryl Ponicsan (screenplay), Robert Mark Kamen (screenplay), James Lineberger (adaptation), Devery Freeman (novel)",
  "Director" : "Harold Becker",
  "Country" : "USA",
  "Genre" : "Drama",
  "Poster" : "http://ia.media-imdb.com/images/M/MV5BMTY1OTQ3ODc2MF5BMl5BanBnXkFtZTcwNTQyNjQzMQ@@._V1_SX300.jpg",
  "imdbRating" : "6.7",
  "Metascore" : "N/A",
  "Box_office" : null,
  "Type" : "movie",
  "Rated" : "PG",
  "Awards" : "N/A",
  "Title" : "Taps",
  "imdbID" : "tt0083169"
},
{
  "_id" : "56fb882271a0651a3c24f7c1",
  "Response" : "True",
  "Language" : "English, French, Italian",
  "imdbVotes" : "3,758",
  "Runtime" : "122 min",
  "Released" : "18 Dec 1981",
  "Actors" : "Burt Reynolds, Vittorio Gassman, Brian Keith, Charles Durning",
  "Writer" : "William Diehl (novel), Gerald Di Pego (screenplay)",
  "Director" : "Burt Reynolds",
  "Country" : "USA",
  "Genre" : "Action, Crime, Drama",
  "Poster" : "http://ia.media-imdb.com/images/M/MV5BMTI2MTU1MzAwM15BMl5BanBnXkFtZTcwOTYxODkxMQ@@._V1_SX300.jpg",
  "imdbRating" : "6.3",
  "Metascore" : "N/A",
  "Box_office" : null,
  "Type" : "movie",
  "Rated" : "R",
  "Awards" : "N/A",
  "Title" : "Sharky's Machine",
  "imdbID" : "tt0083064"
},
{
  "_id" : "56fb882271a0651a3c24f7c2",
  "Response" : "True",
  "Language" : "English",
  "imdbVotes" : "45,474",
  "Runtime" : "140 min",
  "Released" : "10 Apr 1981",
  "Actors" : "Nigel Terry, Helen Mirren, Nicholas Clay, Cherie Lunghi",
  "Writer" : "Thomas Malory (book), Rospo Pallenberg (adaptation), Rospo Pallenberg (screenplay), John Boorman (screenplay)",
  "Director" : "John Boorman",
  "Country" : "USA, UK",
  "Genre" : "Adventure, Drama, Fantasy",
  "Poster" : "http://ia.media-imdb.com/images/M/MV5BMTQ3OTA5NjY3OV5BMl5BanBnXkFtZTcwNjAxOTI3MQ@@._V1_SX300.jpg",
  "imdbRating" : "7.4",
  "Metascore" : "N/A",
  "Box_office" : null,
  "Type" : "movie",
  "Rated" : "R",
  "Awards" : "Nominated for 1 Oscar. Another 2 wins & 9 nominations.",
  "Title" : "Excalibur",
  "imdbID" : "tt0082348"
},
{
  "_id" : "56fb882271a0651a3c24f7c3",
  "Response" : "True",
  "Language" : "English, Latin, French",
  "imdbVotes" : "35,378",
  "Runtime" : "92 min",
  "Released" : "12 Jun 1981",
  "Actors" : "Mel Brooks, Dom DeLuise, Madeline Kahn, Harvey Korman",
  "Writer" : "Mel Brooks",
  "Director" : "Mel Brooks",
  "Country" : "USA",
  "Genre" : "Comedy",
  "Poster" : "http://ia.media-imdb.com/images/M/MV5BMTc1NDYxNzk0MV5BMl5BanBnXkFtZTYwODk2OTY5._V1_SX300.jpg",
  "imdbRating" : "6.9",
  "Metascore" : "N/A",
  "Box_office" : null,
  "Type" : "movie",
  "Rated" : "R",
  "Awards" : "1 win & 1 nomination.",
  "Title" : "History of the World: Part I",
  "imdbID" : "tt0082517"
},
{
  "_id" : "56fb882271a0651a3c24f7c4",
  "Response" : "True",
  "Language" : "English",
  "imdbVotes" : "1,932",
  "Runtime" : "94 min",
  "Released" : "22 May 1981",
  "Actors" : "Richard Pryor, Cicely Tyson, Angel Ramirez, Jimmy Hughes",
  "Writer" : "Lonne Elder III (adaptation), Richard Pryor (story), Roger L. Simon (screenplay)",
  "Director" : "Oz Scott, Michael Schultz",
  "Country" : "USA",
  "Genre" : "Comedy",
  "Poster" : "http://ia.media-imdb.com/images/M/MV5BMTc1ODYyMzQ5Ml5BMl5BanBnXkFtZTcwNDg3NTcyMQ@@._V1_SX300.jpg",
  "imdbRating" : "6.0",
  "Metascore" : "N/A",
  "Box_office" : null,
  "Type" : "movie",
  "Rated" : "R",
  "Awards" : "2 wins.",
  "Title" : "Bustin' Loose",
  "imdbID" : "tt0082121"
},
{
  "_id" : "56fb882271a0651a3c24f7c5",
  "Response" : "True",
  "Language" : "English",
  "imdbVotes" : "9,608",
  "Runtime" : "95 min",
  "Released" : "26 Jun 1981",
  "Actors" : "Jim Henson, Frank Oz, Dave Goelz, Jerry Nelson",
  "Writer" : "Tom Patchett, Jay Tarses, Jerry Juhl, Jack Rose",
  "Director" : "Jim Henson",
  "Country" : "UK, USA",
  "Genre" : "Comedy, Crime, Family",
  "Poster" : "http://ia.media-imdb.com/images/M/MV5BNDQ4MDQ5Mzg5MV5BMl5BanBnXkFtZTcwNTg2MTEzMQ@@._V1_SX300.jpg",
  "imdbRating" : "7.2",
  "Metascore" : "N/A",
  "Box_office" : null,
  "Type" : "movie",
  "Rated" : "G",
  "Awards" : "Nominated for 1 Oscar. Another 1 nomination.",
  "Title" : "The Great Muppet Caper",
  "imdbID" : "tt0082474"
},
{
  "_id" : "56fb882271a0651a3c24f7c6",
  "Response" : "True",
  "Language" : "English",
  "imdbVotes" : "5,325",
  "Runtime" : "116 min",
  "Released" : "17 Jul 1981",
  "Actors" : "Brooke Shields, Martin Hewitt, Shirley Knight, Don Murray",
  "Writer" : "Scott Spencer (novel), Judith Rascoe (screenplay)",
  "Director" : "Franco Zeffirelli",
  "Country" : "USA",
  "Genre" : "Drama, Romance",
  "Poster" : "http://ia.media-imdb.com/images/M/MV5BMjIzMDEzMDIxNF5BMl5BanBnXkFtZTcwNjY2OTIzMg@@._V1_SX300.jpg",
  "imdbRating" : "4.7",
  "Metascore" : "N/A",
  "Box_office" : null,
  "Type" : "movie",
  "Rated" : "R",
  "Awards" : "Nominated for 1 Oscar. Another 2 wins & 14 nominations.",
  "Title" : "Endless Love",
  "imdbID" : "tt0082329"
},
{
  "_id" : "56fb882271a0651a3c24f7c7",
  "Response" : "True",
  "Language" : "English",
  "imdbVotes" : "61,977",
  "Runtime" : "97 min",
  "Released" : "21 Aug 1981",
  "Actors" : "Joe Belcher, David Naughton, Griffin Dunne, David Schofield",
  "Writer" : "John Landis",
  "Director" : "John Landis",
  "Country" : "UK, USA",
  "Genre" : "Comedy, Fantasy, Horror",
  "Poster" : "http://ia.media-imdb.com/images/M/MV5BNTYzMDk3MzIyNV5BMl5BanBnXkFtZTgwOTM2OTE4MzE@._V1_SX300.jpg",
  "imdbRating" : "7.6",
  "Metascore" : "60",
  "Box_office" : null,
  "Type" : "movie",
  "Rated" : "R",
  "Awards" : "Won 1 Oscar. Another 2 wins & 3 nominations.",
  "Title" : "An American Werewolf in London",
  "imdbID" : "tt0082010"
},
{
  "_id" : "56fb882271a0651a3c24f7c8",
  "Response" : "True",
  "Language" : "English",
  "imdbVotes" : "4,225",
  "Runtime" : "125 min",
  "Released" : "06 Feb 1981",
  "Actors" : "Paul Newman, Edward Asner, Ken Wahl, Danny Aiello",
  "Writer" : "Heywood Gould, Thomas Mulhearn (suggested by the experiences of), Pete Tessitore (suggested by the experiences of)",
  "Director" : "Daniel Petrie",
  "Country" : "USA",
  "Genre" : "Crime, Drama",
  "Poster" : "http://ia.media-imdb.com/images/M/MV5BMTQ0NDA1MzA0NF5BMl5BanBnXkFtZTcwMzQ5NDQyMQ@@._V1_SX300.jpg",
  "imdbRating" : "6.7",
  "Metascore" : "N/A",
  "Box_office" : "29,200,000",
  "Type" : "movie",
  "Rated" : "R",
  "Awards" : "N/A",
  "Title" : "Fort Apache the Bronx",
  "imdbID" : "tt0082402"
},
{
  "_id" : "56fb882271a0651a3c24f7c9",
  "Response" : "True",
  "Language" : "English",
  "imdbVotes" : "8,890",
  "Runtime" : "124 min",
  "Released" : "16 Oct 1981",
  "Actors" : "Meryl Streep, Jeremy Irons, Hilton McRae, Emily Morgan",
  "Writer" : "John Fowles (novel), Harold Pinter (screenplay)",
  "Director" : "Karel Reisz",
  "Country" : "UK",
  "Genre" : "Drama, Romance",
  "Poster" : "http://ia.media-imdb.com/images/M/MV5BMTIzMzU3NDE0OF5BMl5BanBnXkFtZTcwNDc2OTEyMQ@@._V1_SX300.jpg",
  "imdbRating" : "7.0",
  "Metascore" : "N/A",
  "Box_office" : null,
  "Type" : "movie",
  "Rated" : "R",
  "Awards" : "Nominated for 5 Oscars. Another 9 wins & 14 nominations.",
  "Title" : "The French Lieutenant's Woman",
  "imdbID" : "tt0082416"
},
{
  "_id" : "56fb882271a0651a3c24f7ca",
  "Response" : "True",
  "Language" : "English",
  "imdbVotes" : "2,210",
  "Runtime" : "87 min",
  "Released" : "28 Aug 1981",
  "Actors" : "Sylvia Kristel, Howard Hesseman, Eric Brown, Patrick Piccininni",
  "Writer" : "Dan Greenburg (novel), Dan Greenburg (screenplay)",
  "Director" : "Alan Myerson",
  "Country" : "USA",
  "Genre" : "Comedy",
  "Poster" : "http://ia.media-imdb.com/images/M/MV5BMTIyOTg3NDAzMl5BMl5BanBnXkFtZTcwNjU4NDQzMQ@@._V1_SX300.jpg",
  "imdbRating" : "5.1",
  "Metascore" : "N/A",
  "Box_office" : "26,279,000",
  "Type" : "movie",
  "Rated" : "R",
  "Awards" : "1 nomination.",
  "Title" : "Private Lessons",
  "imdbID" : "tt0082948"
},
{
  "_id" : "56fb882271a0651a3c24f7cb",
  "Response" : "True",
  "Language" : "English",
  "imdbVotes" : "3,819",
  "Runtime" : "89 min",
  "Released" : "25 Dec 1981",
  "Actors" : "Chevy Chase, Patti D'Arbanville, Dabney Coleman, Mary Kay Place",
  "Writer" : "Ken Shapiro, Tom Sherohman, Arthur Sellers (screenplay)",
  "Director" : "Ken Shapiro",
  "Country" : "USA",
  "Genre" : "Comedy, Fantasy, Sci-Fi",
  "Poster" : "http://ia.media-imdb.com/images/M/MV5BMTc1NzA5Njc1M15BMl5BanBnXkFtZTcwNjcwMjgyMQ@@._V1_SX300.jpg",
  "imdbRating" : "4.9",
  "Metascore" : "N/A",
  "Box_office" : null,
  "Type" : "movie",
  "Rated" : "PG",
  "Awards" : "1 nomination.",
  "Title" : "Modern Problems",
  "imdbID" : "tt0082763"
},
{
  "_id" : "56fb882271a0651a3c24f7cc",
  "Response" : "True",
  "Language" : "English",
  "imdbVotes" : "49,097",
  "Runtime" : "92 min",
  "Released" : "30 Oct 1981",
  "Actors" : "Jamie Lee Curtis, Donald Pleasence, Charles Cyphers, Jeffrey Kramer",
  "Writer" : "John Carpenter, Debra Hill",
  "Director" : "Rick Rosenthal",
  "Country" : "USA",
  "Genre" : "Horror",
  "Poster" : "http://ia.media-imdb.com/images/M/MV5BMzc5MDQzNjkyOV5BMl5BanBnXkFtZTgwNTgxMzkwMzE@._V1._CR0,43,342,455_SY132_CR5,0,89,132_AL_.jpg_V1_SX300.jpg",
  "imdbRating" : "6.5",
  "Metascore" : "40",
  "Box_office" : "25,500,000",
  "Type" : "movie",
  "Rated" : "R",
  "Awards" : "3 nominations.",
  "Title" : "Halloween II",
  "imdbID" : "tt0082495"
},
{
  "_id" : "56fb882271a0651a3c24f7cd",
  "Response" : "True",
  "Language" : "English",
  "imdbVotes" : "898",
  "Runtime" : "120 min",
  "Released" : "25 Sep 1981",
  "Actors" : "Marsha Mason, Kristy McNichol, James Coco, Joan Hackett",
  "Writer" : "Neil Simon (screenplay), Neil Simon (based on the play \\",
  "Director" : "Glenn Jordan",
  "Country" : "USA",
  "Genre" : "Comedy, Drama",
  "Poster" : "http://ia.media-imdb.com/images/M/MV5BMTM1ODU5ODQ4Ml5BMl5BanBnXkFtZTcwMDQ1ODM4Mg@@._V1_SX300.jpg",
  "imdbRating" : "6.5",
  "Metascore" : "N/A",
  "Box_office" : null,
  "Type" : "movie",
  "Rated" : "R",
  "Awards" : "Nominated for 3 Oscars. Another 2 wins & 5 nominations.",
  "Title" : "Only When I Laugh",
  "imdbID" : "tt0082853"
},
{
  "_id" : "56fb882271a0651a3c24f7ce",
  "Response" : "True",
  "Language" : "English",
  "imdbVotes" : "87,459",
  "Runtime" : "99 min",
  "Released" : "10 Jul 1981",
  "Actors" : "Kurt Russell, Lee Van Cleef, Ernest Borgnine, Donald Pleasence",
  "Writer" : "John Carpenter, Nick Castle",
  "Director" : "John Carpenter",
  "Country" : "UK, USA",
  "Genre" : "Action, Sci-Fi",
  "Poster" : "http://ia.media-imdb.com/images/M/MV5BMTUzMTY0Nzg0MV5BMl5BanBnXkFtZTgwMDU3MzQxMDE@._V1_SX300.jpg",
  "imdbRating" : "7.2",
  "Metascore" : "N/A",
  "Box_office" : "25,244,700",
  "Type" : "movie",
  "Rated" : "R",
  "Awards" : "4 nominations.",
  "Title" : "Escape from New York",
  "imdbID" : "tt0082340"
},
{
  "_id" : "56fb882271a0651a3c24f7cf",
  "Response" : "True",
  "Language" : "English",
  "imdbVotes" : "22,621",
  "Runtime" : "113 min",
  "Released" : "18 Sep 1981",
  "Actors" : "William Hurt, Kathleen Turner, Richard Crenna, Ted Danson",
  "Writer" : "Lawrence Kasdan",
  "Director" : "Lawrence Kasdan",
  "Country" : "USA",
  "Genre" : "Crime, Drama, Thriller",
  "Poster" : "http://ia.media-imdb.com/images/M/MV5BMTEwMjA1NjkzMDdeQTJeQWpwZ15BbWU3MDY0MDYxMjE@._V1_SX300.jpg",
  "imdbRating" : "7.4",
  "Metascore" : "78",
  "Box_office" : null,
  "Type" : "movie",
  "Rated" : "R",
  "Awards" : "Nominated for 1 Golden Globe. Another 5 nominations.",
  "Title" : "Body Heat",
  "imdbID" : "tt0082089"
},
{
  "_id" : "56fb882271a0651a3c24f7d0",
  "Response" : "True",
  "Language" : "English",
  "imdbVotes" : "5,437",
  "Runtime" : "110 min",
  "Released" : "18 Dec 1981",
  "Actors" : "Fred Astaire, Melvyn Douglas, Douglas Fairbanks Jr., John Houseman",
  "Writer" : "Peter Straub (novel), Lawrence D. Cohen (screenplay)",
  "Director" : "John Irvin",
  "Country" : "USA",
  "Genre" : "Drama, Horror, Thriller",
  "Poster" : "http://ia.media-imdb.com/images/M/MV5BMjA3NTcxMDI4Nl5BMl5BanBnXkFtZTcwMTUzNDYyMQ@@._V1_SX300.jpg",
  "imdbRating" : "6.2",
  "Metascore" : "N/A",
  "Box_office" : null,
  "Type" : "movie",
  "Rated" : "R",
  "Awards" : "2 nominations.",
  "Title" : "Ghost Story",
  "imdbID" : "tt0082449"
},
{
  "_id" : "56fb882271a0651a3c24f7d1",
  "Response" : "True",
  "Language" : "English",
  "imdbVotes" : "38,186",
  "Runtime" : "87 min",
  "Released" : "01 May 1981",
  "Actors" : "Amy Steel, John Furey, Adrienne King, Kirsten Baker",
  "Writer" : "Ron Kurz, Victor Miller (characters)",
  "Director" : "Steve Miner",
  "Country" : "USA",
  "Genre" : "Horror, Mystery, Thriller",
  "Poster" : "http://ia.media-imdb.com/images/M/MV5BMzE4NDkyMjgwM15BMl5BanBnXkFtZTcwNTY4ODgyMQ@@._V1_SX300.jpg",
  "imdbRating" : "6.1",
  "Metascore" : "N/A",
  "Box_office" : "19,100,000",
  "Type" : "movie",
  "Rated" : "R",
  "Awards" : "3 nominations.",
  "Title" : "Friday the 13th Part 2",
  "imdbID" : "tt0082418"
},
{
  "_id" : "56fb882271a0651a3c24f7d2",
  "Response" : "True",
  "Language" : "English",
  "imdbVotes" : "3,424",
  "Runtime" : "88 min",
  "Released" : "30 Jan 1981",
  "Actors" : "Lily Tomlin, Charles Grodin, Ned Beatty, Henry Gibson",
  "Writer" : "Richard Matheson (novel), Jane Wagner",
  "Director" : "Joel Schumacher",
  "Country" : "USA",
  "Genre" : "Comedy, Sci-Fi",
  "Poster" : "http://ia.media-imdb.com/images/M/MV5BMjAwODgyMDQyNV5BMl5BanBnXkFtZTcwMDIzMTgyMQ@@._V1_SX300.jpg",
  "imdbRating" : "5.4",
  "Metascore" : "N/A",
  "Box_office" : null,
  "Type" : "movie",
  "Rated" : "PG",
  "Awards" : "1 win & 3 nominations.",
  "Title" : "The Incredible Shrinking Woman",
  "imdbID" : "tt0082558"
},
{
  "_id" : "56fb882271a0651a3c24f7d3",
  "Response" : "True",
  "Language" : "English",
  "imdbVotes" : "10,160",
  "Runtime" : "129 min",
  "Released" : "25 Sep 1981",
  "Actors" : "Faye Dunaway, Diana Scarwid, Steve Forrest, Howard Da Silva",
  "Writer" : "Christina Crawford (book), Frank Yablans (screenplay), Frank Perry (screenplay), Tracy Hotchner (screenplay), Robert Getchell (screenplay)",
  "Director" : "Frank Perry",
  "Country" : "USA",
  "Genre" : "Biography, Drama",
  "Poster" : "http://ia.media-imdb.com/images/M/MV5BMTczMDI5NDEwNl5BMl5BanBnXkFtZTcwNTc4NzIzMQ@@._V1_SX300.jpg",
  "imdbRating" : "6.7",
  "Metascore" : "N/A",
  "Box_office" : null,
  "Type" : "movie",
  "Rated" : "R",
  "Awards" : "9 wins & 11 nominations.",
  "Title" : "Mommie Dearest",
  "imdbID" : "tt0082766"
},
{
  "_id" : "56fb882271a0651a3c24f7d4",
  "Response" : "True",
  "Language" : "English",
  "imdbVotes" : "697",
  "Runtime" : "94 min",
  "Released" : "02 Oct 1981",
  "Actors" : "Burt Reynolds, Beverly D'Angelo, Norman Fell, Paul Dooley",
  "Writer" : "Charlie Peters",
  "Director" : "David Steinberg",
  "Country" : "USA",
  "Genre" : "Comedy, Romance",
  "Poster" : "http://ia.media-imdb.com/images/M/MV5BMTM1MDc5MzY1OV5BMl5BanBnXkFtZTcwMjUwMzMzMQ@@._V1_SX300.jpg",
  "imdbRating" : "4.8",
  "Metascore" : "N/A",
  "Box_office" : null,
  "Type" : "movie",
  "Rated" : "PG",
  "Awards" : "2 wins & 2 nominations.",
  "Title" : "Paternity",
  "imdbID" : "tt0082886"
},
{
  "_id" : "56fb882271a0651a3c24f7d5",
  "Response" : "True",
  "Language" : "English",
  "imdbVotes" : "2,017",
  "Runtime" : "98 min",
  "Released" : "31 Jul 1981",
  "Actors" : "Chevy Chase, Carrie Fisher, Eve Arden, Joseph Maher",
  "Writer" : "Fred Bauer (story), Pat Bradley (story), Pat McCormick (screenplay), Harry Hurwitz (screenplay), Martin Smith (screenplay), Pat Bradley (screenplay), Fred Bauer (screenplay)",
  "Director" : "Steve Rash",
  "Country" : "USA",
  "Genre" : "Comedy",
  "Poster" : "http://ia.media-imdb.com/images/M/MV5BMTgyMDIyMzI2MV5BMl5BanBnXkFtZTYwNTgxMTk5._V1_SX300.jpg",
  "imdbRating" : "5.4",
  "Metascore" : "N/A",
  "Box_office" : "8,500,000",
  "Type" : "movie",
  "Rated" : "PG",
  "Awards" : "1 win & 4 nominations.",
  "Title" : "Under the Rainbow",
  "imdbID" : "tt0083254"
},
{
  "_id" : "56fb882271a0651a3c24f7d6",
  "Response" : "True",
  "Language" : "English, Spanish",
  "imdbVotes" : "22,065",
  "Runtime" : "91 min",
  "Released" : "10 Apr 1981",
  "Actors" : "Dee Wallace, Patrick Macnee, Dennis Dugan, Christopher Stone",
  "Writer" : "Gary Brandner (novel), John Sayles (screenplay), Terence H. Winkless (screenplay)",
  "Director" : "Joe Dante",
  "Country" : "USA",
  "Genre" : "Horror",
  "Poster" : "http://ia.media-imdb.com/images/M/MV5BMTI0NTE2Mjg2MV5BMl5BanBnXkFtZTcwNDAyMTEyMQ@@._V1_SX300.jpg",
  "imdbRating" : "6.6",
  "Metascore" : "N/A",
  "Box_office" : "17,986,000",
  "Type" : "movie",
  "Rated" : "R",
  "Awards" : "2 wins & 2 nominations.",
  "Title" : "The Howling",
  "imdbID" : "tt0082533"
},
{
  "_id" : "56fb882271a0651a3c24f7d7",
  "Response" : "True",
  "Language" : "English, German",
  "imdbVotes" : "6,933",
  "Runtime" : "112 min",
  "Released" : "24 Jul 1981",
  "Actors" : "Donald Sutherland, Stephen MacKenna, Philip Martin Brown, Kate Nelligan",
  "Writer" : "Ken Follett (based on the novel by), Stanley Mann (screenplay)",
  "Director" : "Richard Marquand",
  "Country" : "UK",
  "Genre" : "Romance, Thriller, War",
  "Poster" : "http://ia.media-imdb.com/images/M/MV5BMTU0ODExMDA3M15BMl5BanBnXkFtZTcwMjYyMzcyMQ@@._V1_SX300.jpg",
  "imdbRating" : "7.1",
  "Metascore" : "N/A",
  "Box_office" : null,
  "Type" : "movie",
  "Rated" : "R",
  "Awards" : "1 nomination.",
  "Title" : "Eye of the Needle",
  "imdbID" : "tt0082351"
},
{
  "_id" : "56fb882271a0651a3c24f7d8",
  "Response" : "True",
  "Language" : "English",
  "imdbVotes" : "583",
  "Runtime" : "100 min",
  "Released" : "15 May 1981",
  "Actors" : "Robert Hays, Barbara Hershey, David Keith, Tim Thomerson",
  "Writer" : "Barry Schneider (screenplay), Jeffrey Bernini (story), Barry Schneider (story)",
  "Director" : "Gus Trikonis",
  "Country" : "USA",
  "Genre" : "Comedy",
  "Poster" : "http://ia.media-imdb.com/images/M/MV5BMTMxNTQ0MTU3N15BMl5BanBnXkFtZTcwNjQ2OTQyMQ@@._V1_SX300.jpg",
  "imdbRating" : "4.9",
  "Metascore" : "N/A",
  "Box_office" : "17,569,030",
  "Type" : "movie",
  "Rated" : "PG",
  "Awards" : "N/A",
  "Title" : "Take This Job and Shove It",
  "imdbID" : "tt0083163"
},
{
  "_id" : "56fb882271a0651a3c24f7d9",
  "Response" : "True",
  "Language" : "English",
  "imdbVotes" : "20,906",
  "Runtime" : "112 min",
  "Released" : "22 May 1981",
  "Actors" : "Sean Connery, Peter Boyle, Frances Sternhagen, James Sikking",
  "Writer" : "Peter Hyams",
  "Director" : "Peter Hyams",
  "Country" : "UK",
  "Genre" : "Action, Crime, Sci-Fi",
  "Poster" : "http://ia.media-imdb.com/images/M/MV5BMTM0NjQ2ODU5Ml5BMl5BanBnXkFtZTcwNjY4MTUyMQ@@._V1_SX300.jpg",
  "imdbRating" : "6.6",
  "Metascore" : "N/A",
  "Box_office" : null,
  "Type" : "movie",
  "Rated" : "R",
  "Awards" : "Nominated for 1 Oscar. Another 1 win & 6 nominations.",
  "Title" : "Outland",
  "imdbID" : "tt0082869"
},
{
  "_id" : "56fb882271a0651a3c24f7da",
  "Response" : "True",
  "Language" : "English",
  "imdbVotes" : "895",
  "Runtime" : "96 min",
  "Released" : "06 Mar 1981",
  "Actors" : "Elliott Gould, Bill Cosby, Susan Anspach, Adam Rich",
  "Writer" : "Mary Rodgers (story), Jimmy Sangster (story), Mary Rodgers (screenplay)",
  "Director" : "Steven Hilliard Stern",
  "Country" : "USA",
  "Genre" : "Comedy, Family, Fantasy",
  "Poster" : "http://ia.media-imdb.com/images/M/MV5BMTY4Njg1NzQ0NF5BMl5BanBnXkFtZTcwMTUxODMzMQ@@._V1_SX300.jpg",
  "imdbRating" : "5.0",
  "Metascore" : "N/A",
  "Box_office" : null,
  "Type" : "movie",
  "Rated" : "PG",
  "Awards" : "N/A",
  "Title" : "The Devil and Max Devlin",
  "imdbID" : "tt0082263"
},
{
  "_id" : "56fb882271a0651a3c24f7db",
  "Response" : "True",
  "Language" : "English",
  "imdbVotes" : "5,540",
  "Runtime" : "91 min",
  "Released" : "17 Apr 1981",
  "Actors" : "Ringo Starr, Dennis Quaid, Shelley Long, Jack Gilford",
  "Writer" : "Rudy De Luca, Carl Gottlieb",
  "Director" : "Carl Gottlieb",
  "Country" : "USA",
  "Genre" : "Comedy, Sci-Fi",
  "Poster" : "http://ia.media-imdb.com/images/M/MV5BMTkyOTI1NTk5MF5BMl5BanBnXkFtZTcwNDQxNTYyMQ@@._V1_SX300.jpg",
  "imdbRating" : "5.7",
  "Metascore" : "N/A",
  "Box_office" : null,
  "Type" : "movie",
  "Rated" : "PG",
  "Awards" : "1 win & 1 nomination.",
  "Title" : "Caveman",
  "imdbID" : "tt0082146"
},
{
  "_id" : "56fb882271a0651a3c24f7dc",
  "Response" : "True",
  "Language" : "English",
  "imdbVotes" : "3,632",
  "Runtime" : "103 min",
  "Released" : "18 Sep 1981",
  "Actors" : "John Belushi, Blair Brown, Allen Garfield, Carlin Glynn",
  "Writer" : "Lawrence Kasdan",
  "Director" : "Michael Apted",
  "Country" : "USA",
  "Genre" : "Comedy, Romance",
  "Poster" : "http://ia.media-imdb.com/images/M/MV5BMTcwNDkyODYwOV5BMl5BanBnXkFtZTcwMjQzODgxMQ@@._V1_SX300.jpg",
  "imdbRating" : "6.1",
  "Metascore" : "N/A",
  "Box_office" : null,
  "Type" : "movie",
  "Rated" : "PG",
  "Awards" : "N/A",
  "Title" : "Continental Divide",
  "imdbID" : "tt0082200"
},
{
  "_id" : "56fb882271a0651a3c24f7dd",
  "Response" : "True",
  "Language" : "English",
  "imdbVotes" : "647",
  "Runtime" : "112 min",
  "Released" : "05 Jun 1981",
  "Actors" : "Kristy McNichol, Dennis Quaid, Mark Hamill, Sunny Johnson",
  "Writer" : "Bob Bonney (screen story and screenplay)",
  "Director" : "Ron Maxwell",
  "Country" : "USA",
  "Genre" : "Drama, Music",
  "Poster" : "http://ia.media-imdb.com/images/M/MV5BMTkxMjk2MDk3MF5BMl5BanBnXkFtZTgwMjI4OTU3MTE@._V1_SX300.jpg",
  "imdbRating" : "6.0",
  "Metascore" : "N/A",
  "Box_office" : null,
  "Type" : "movie",
  "Rated" : "PG",
  "Awards" : "N/A",
  "Title" : "The Night the Lights Went Out in Georgia",
  "imdbID" : "tt0082816"
},
{
  "_id" : "56fb882271a0651a3c24f7de",
  "Response" : "True",
  "Language" : "English, German, French, Swedish",
  "imdbVotes" : "12,104",
  "Runtime" : "99 min",
  "Released" : "10 Apr 1981",
  "Actors" : "Sylvester Stallone, Billy Dee Williams, Lindsay Wagner, Persis Khambatta",
  "Writer" : "David Shaber (screenplay), David Shaber (story), Paul Sylbert (story)",
  "Director" : "Bruce Malmuth, Gary Nelson",
  "Country" : "USA",
  "Genre" : "Action, Crime, Thriller",
  "Poster" : "http://ia.media-imdb.com/images/M/MV5BMTcyMTcwMjQ3M15BMl5BanBnXkFtZTcwMjMxMTUyMQ@@._V1_SX300.jpg",
  "imdbRating" : "6.4",
  "Metascore" : "N/A",
  "Box_office" : null,
  "Type" : "movie",
  "Rated" : "R",
  "Awards" : "N/A",
  "Title" : "Nighthawks",
  "imdbID" : "tt0082817"
},
{
  "_id" : "56fb882271a0651a3c24f7df",
  "Response" : "True",
  "Language" : "English",
  "imdbVotes" : "4,011",
  "Runtime" : "122 min",
  "Released" : "01 Jul 1981",
  "Actors" : "Julie Andrews, William Holden, Marisa Berenson, Larry Hagman",
  "Writer" : "Blake Edwards",
  "Director" : "Blake Edwards",
  "Country" : "USA",
  "Genre" : "Comedy",
  "Poster" : "http://ia.media-imdb.com/images/M/MV5BMTU3OTA3MzYxNV5BMl5BanBnXkFtZTcwOTgyODMyMQ@@._V1_SX300.jpg",
  "imdbRating" : "6.4",
  "Metascore" : "N/A",
  "Box_office" : null,
  "Type" : "movie",
  "Rated" : "R",
  "Awards" : "Nominated for 1 Golden Globe. Another 1 win & 3 nominations.",
  "Title" : "S.O.B.",
  "imdbID" : "tt0083015"
},
{
  "_id" : "56fb882271a0651a3c24f7e0",
  "Response" : "True",
  "Language" : "English",
  "imdbVotes" : "1,201",
  "Runtime" : "117 min",
  "Released" : "09 Oct 1981",
  "Actors" : "Jacqueline Bisset, Candice Bergen, David Selby, Hart Bochner",
  "Writer" : "Gerald Ayres, John Van Druten (play)",
  "Director" : "George Cukor",
  "Country" : "USA",
  "Genre" : "Drama",
  "Poster" : "http://ia.media-imdb.com/images/M/MV5BMTUwMDUzNzk1NF5BMl5BanBnXkFtZTcwODM2OTQ1MQ@@._V1_SX300.jpg",
  "imdbRating" : "5.9",
  "Metascore" : "N/A",
  "Box_office" : null,
  "Type" : "movie",
  "Rated" : "R",
  "Awards" : "1 win.",
  "Title" : "Rich and Famous",
  "imdbID" : "tt0082992"
},
{
  "_id" : "56fb882271a0651a3c24f7e1",
  "Response" : "True",
  "Language" : "English",
  "imdbVotes" : "10,455",
  "Runtime" : "109 min",
  "Released" : "26 Jun 1981",
  "Actors" : "Peter MacNicol, Caitlin Clarke, Ralph Richardson, John Hallam",
  "Writer" : "Hal Barwood, Matthew Robbins",
  "Director" : "Matthew Robbins",
  "Country" : "USA",
  "Genre" : "Action, Adventure, Fantasy",
  "Poster" : "http://ia.media-imdb.com/images/M/MV5BMzcwMTkwMDk0NF5BMl5BanBnXkFtZTcwNDA5ODUyMQ@@._V1_SX300.jpg",
  "imdbRating" : "6.7",
  "Metascore" : "N/A",
  "Box_office" : "6,000,000",
  "Type" : "movie",
  "Rated" : "PG",
  "Awards" : "Nominated for 2 Oscars. Another 5 nominations.",
  "Title" : "Dragonslayer",
  "imdbID" : "tt0082288"
},
{
  "_id" : "56fb882271a0651a3c24f7e2",
  "Response" : "True",
  "Language" : "English",
  "imdbVotes" : "5,329",
  "Runtime" : "108 min",
  "Released" : "25 Sep 1981",
  "Actors" : "Robert De Niro, Robert Duvall, Charles Durning, Kenneth McMillan",
  "Writer" : "John Gregory Dunne (novel), John Gregory Dunne (screenplay), Joan Didion (screenplay)",
  "Director" : "Ulu Grosbard",
  "Country" : "USA",
  "Genre" : "Crime, Drama",
  "Poster" : "http://ia.media-imdb.com/images/M/MV5BMTA1NTAyMzM1ODVeQTJeQWpwZ15BbWU3MDMwNzI4NzQ@._V1_SX300.jpg",
  "imdbRating" : "6.4",
  "Metascore" : "N/A",
  "Box_office" : null,
  "Type" : "movie",
  "Rated" : "R",
  "Awards" : "2 wins & 2 nominations.",
  "Title" : "True Confessions",
  "imdbID" : "tt0083232"
},
{
  "_id" : "56fb882271a0651a3c24f7e3",
  "Response" : "True",
  "Language" : "English",
  "imdbVotes" : "N/A",
  "Runtime" : "60 min",
  "Released" : "N/A",
  "Actors" : "Bob Eubanks",
  "Writer" : "N/A",
  "Director" : "N/A",
  "Country" : "USA",
  "Genre" : "Musical",
  "Poster" : "N/A",
  "imdbRating" : "N/A",
  "Metascore" : "N/A",
  "Box_office" : null,
  "Type" : "series",
  "Rated" : "N/A",
  "Awards" : "N/A",
  "Title" : "Atlantic City Alive",
  "imdbID" : "tt1614571"
},
{
  "_id" : "56fb882271a0651a3c24f7e4",
  "Response" : "True",
  "Language" : "English",
  "imdbVotes" : "1,364",
  "Runtime" : "98 min",
  "Released" : "22 May 1981",
  "Actors" : "Klinton Spilsbury, Michael Horse, Christopher Lloyd, Matt Clark",
  "Writer" : "Ivan Goff (screenplay), Ben Roberts (screenplay), Michael Kane (screenplay), William Roberts (screenplay), Gerald B. Derloshon (adaptation), George W. Trendle (characters), Fran Striker (characters)",
  "Director" : "William A. Fraker",
  "Country" : "USA, UK",
  "Genre" : "Action, Adventure, Western",
  "Poster" : "http://ia.media-imdb.com/images/M/MV5BMTk1NzI0OTQ4NF5BMl5BanBnXkFtZTcwMjA3ODIyMQ@@._V1_SX300.jpg",
  "imdbRating" : "5.0",
  "Metascore" : "N/A",
  "Box_office" : "8,000,000",
  "Type" : "movie",
  "Rated" : "PG",
  "Awards" : "4 wins & 4 nominations.",
  "Title" : "The Legend of the Lone Ranger",
  "imdbID" : "tt0082648"
},
{
  "_id" : "56fb882271a0651a3c24f7e5",
  "Response" : "True",
  "Language" : "English",
  "imdbVotes" : "1,056",
  "Runtime" : "98 min",
  "Released" : "21 Aug 1981",
  "Actors" : "Walter Matthau, Jill Clayburgh, Barnard Hughes, Jan Sterling",
  "Writer" : "Jerome Lawrence (play), Jerome Lawrence (screenplay), Robert E. Lee (play), Robert E. Lee (screenplay)",
  "Director" : "Ronald Neame",
  "Country" : "USA",
  "Genre" : "Comedy, Drama",
  "Poster" : "http://ia.media-imdb.com/images/M/MV5BMjE4MzYyMDg1MV5BMl5BanBnXkFtZTcwNjcxODUyMQ@@._V1_SX300.jpg",
  "imdbRating" : "6.4",
  "Metascore" : "N/A",
  "Box_office" : null,
  "Type" : "movie",
  "Rated" : "R",
  "Awards" : "Nominated for 2 Golden Globes. Another 1 nomination.",
  "Title" : "First Monday in October",
  "imdbID" : "tt0082382"
},
{
  "_id" : "56fb882271a0651a3c24f7e6",
  "Response" : "True",
  "Language" : "English",
  "imdbVotes" : "16,197",
  "Runtime" : "122 min",
  "Released" : "20 Mar 1981",
  "Actors" : "Jack Nicholson, Jessica Lange, John Colicos, Michael Lerner",
  "Writer" : "James M. Cain (novel), David Mamet (screenplay)",
  "Director" : "Bob Rafelson",
  "Country" : "USA, West Germany",
  "Genre" : "Crime, Drama, Thriller",
  "Poster" : "http://ia.media-imdb.com/images/M/MV5BMTc2MTc5NjI5Nl5BMl5BanBnXkFtZTYwMTA0NDA5._V1_SX300.jpg",
  "imdbRating" : "6.6",
  "Metascore" : "N/A",
  "Box_office" : null,
  "Type" : "movie",
  "Rated" : "R",
  "Awards" : "1 win & 1 nomination.",
  "Title" : "The Postman Always Rings Twice",
  "imdbID" : "tt0082934"
},
{
  "_id" : "56fb882271a0651a3c24f7e7",
  "Response" : "True",
  "Language" : "English",
  "imdbVotes" : "296",
  "Runtime" : "91 min",
  "Released" : "24 Jul 1981",
  "Actors" : "Tony Anthony, Gene Quintano, Victoria Abril, Ricardo Palacios",
  "Writer" : "Wolf Lowenthal, Lloyd Battista, Gene Quintano, Tony Anthony (original story)",
  "Director" : "Ferdinando Baldi",
  "Country" : "Italy, Spain, USA",
  "Genre" : "Western",
  "Poster" : "http://ia.media-imdb.com/images/M/MV5BMTM3MTc0MDAwMV5BMl5BanBnXkFtZTcwNjEzNTYxMQ@@._V1_SX300.jpg",
  "imdbRating" : "4.7",
  "Metascore" : "N/A",
  "Box_office" : null,
  "Type" : "movie",
  "Rated" : "R",
  "Awards" : "N/A",
  "Title" : "Comin' at Ya!",
  "imdbID" : "tt0082193"
},
{
  "_id" : "56fb882271a0651a3c24f7e8",
  "Response" : "True",
  "Language" : "English",
  "imdbVotes" : "26,147",
  "Runtime" : "107 min",
  "Released" : "24 Jul 1981",
  "Actors" : "John Travolta, Nancy Allen, John Lithgow, Dennis Franz",
  "Writer" : "Brian De Palma",
  "Director" : "Brian De Palma",
  "Country" : "USA",
  "Genre" : "Drama, Mystery, Thriller",
  "Poster" : "http://ia.media-imdb.com/images/M/MV5BMTg4NTMzODEwMF5BMl5BanBnXkFtZTcwMzEwOTIyMQ@@._V1_SX300.jpg",
  "imdbRating" : "7.4",
  "Metascore" : "N/A",
  "Box_office" : null,
  "Type" : "movie",
  "Rated" : "R",
  "Awards" : "2 nominations.",
  "Title" : "Blow Out",
  "imdbID" : "tt0082085"
},
{
  "_id" : "56fb882271a0651a3c24f7e9",
  "Response" : "True",
  "Language" : "English",
  "imdbVotes" : "519",
  "Runtime" : "94 min",
  "Released" : "13 Mar 1981",
  "Actors" : "Sally Field, Tommy Lee Jones, David Keith, Miriam Colon",
  "Writer" : "Gary DeVore",
  "Director" : "Martin Ritt",
  "Country" : "USA",
  "Genre" : "Adventure, Comedy, Romance",
  "Poster" : "http://ia.media-imdb.com/images/M/MV5BMTgzNzU0MTk3Ml5BMl5BanBnXkFtZTcwMzY5NDgyMQ@@._V1_SX300.jpg",
  "imdbRating" : "5.6",
  "Metascore" : "N/A",
  "Box_office" : null,
  "Type" : "movie",
  "Rated" : "R",
  "Awards" : "N/A",
  "Title" : "Back Roads",
  "imdbID" : "tt0082042"
},
{
  "_id" : "56fb882271a0651a3c24f7ea",
  "Response" : "True",
  "Language" : "English",
  "imdbVotes" : "14,899",
  "Runtime" : "122 min",
  "Released" : "27 Mar 1981",
  "Actors" : "James Caan, Tuesday Weld, Willie Nelson, James Belushi",
  "Writer" : "Frank Hohimer (novel), Michael Mann (screen story), Michael Mann (screenplay)",
  "Director" : "Michael Mann",
  "Country" : "USA",
  "Genre" : "Action, Crime, Drama",
  "Poster" : "http://ia.media-imdb.com/images/M/MV5BMTU0NTU2NTc4MV5BMl5BanBnXkFtZTcwOTU5MDQ3NA@@._V1_SX300.jpg",
  "imdbRating" : "7.4",
  "Metascore" : "78",
  "Box_office" : "4,300,000",
  "Type" : "movie",
  "Rated" : "R",
  "Awards" : "2 wins & 6 nominations.",
  "Title" : "Thief",
  "imdbID" : "tt0083190"
},
{
  "_id" : "56fb882271a0651a3c24f7eb",
  "Response" : "True",
  "Language" : "English",
  "imdbVotes" : "6,467",
  "Runtime" : "155 min",
  "Released" : "25 Dec 1981",
  "Actors" : "James Cagney, Brad Dourif, Moses Gunn, Elizabeth McGovern",
  "Writer" : "E.L. Doctorow (based on the novel by), Michael Weller (screenplay)",
  "Director" : "Milos Forman",
  "Country" : "USA",
  "Genre" : "Drama",
  "Poster" : "http://ia.media-imdb.com/images/M/MV5BMTQ5NjIzMDUwNV5BMl5BanBnXkFtZTYwODc5NjI5._V1_SX300.jpg",
  "imdbRating" : "7.3",
  "Metascore" : "57",
  "Box_office" : null,
  "Type" : "movie",
  "Rated" : "PG",
  "Awards" : "Nominated for 8 Oscars. Another 2 wins & 13 nominations.",
  "Title" : "Ragtime",
  "imdbID" : "tt0082970"
},
{
  "_id" : "56fb882271a0651a3c24f7ec",
  "Response" : "True",
  "Language" : "English",
  "imdbVotes" : "20,215",
  "Runtime" : "116 min",
  "Released" : "31 Jul 1981",
  "Actors" : "Sylvester Stallone, Michael Caine, Pele, Bobby Moore",
  "Writer" : "Yabo Yablonsky (story), Djordje Milicevic (story), Jeff Maguire (story), Evan Jones (screenplay), Yabo Yablonsky (screenplay)",
  "Director" : "John Huston",
  "Country" : "USA, UK",
  "Genre" : "Action, Drama, Sport",
  "Poster" : "http://ia.media-imdb.com/images/M/MV5BMTY5MTYwODI1MV5BMl5BanBnXkFtZTcwNDEyMDkxMQ@@._V1_SX300.jpg",
  "imdbRating" : "6.6",
  "Metascore" : "N/A",
  "Box_office" : null,
  "Type" : "movie",
  "Rated" : "PG",
  "Awards" : "1 nomination.",
  "Title" : "Victory",
  "imdbID" : "tt0083284"
},
{
  "_id" : "56fb882271a0651a3c24f7ed",
  "Response" : "True",
  "Language" : "English",
  "imdbVotes" : "819",
  "Runtime" : "116 min",
  "Released" : "11 Dec 1981",
  "Actors" : "Jane Fonda, Kris Kristofferson, Hume Cronyn, Josef Sommer",
  "Writer" : "Howard Kohn (story), David Shaber (screenplay), David Shaber (story), David Weir (story)",
  "Director" : "Alan J. Pakula",
  "Country" : "USA",
  "Genre" : "Drama, Mystery, Romance",
  "Poster" : "http://ia.media-imdb.com/images/M/MV5BMTM5OTUyNzEzOV5BMl5BanBnXkFtZTcwMjMyMzAzMQ@@._V1_SX300.jpg",
  "imdbRating" : "5.3",
  "Metascore" : "N/A",
  "Box_office" : null,
  "Type" : "movie",
  "Rated" : "R",
  "Awards" : "1 nomination.",
  "Title" : "Rollover",
  "imdbID" : "tt0083006"
},
{
  "_id" : "56fb882271a0651a3c24f7ee",
  "Response" : "True",
  "Language" : "English",
  "imdbVotes" : "6,498",
  "Runtime" : "115 min",
  "Released" : "24 Jul 1981",
  "Actors" : "Albert Finney, Diane Venora, Edward James Olmos, Gregory Hines",
  "Writer" : "Whitley Strieber (based on the novel by), David Eyre (screen story), Michael Wadleigh (screen story), David Eyre (screenplay), Michael Wadleigh (screenplay)",
  "Director" : "Michael Wadleigh",
  "Country" : "USA",
  "Genre" : "Horror, Thriller",
  "Poster" : "http://ia.media-imdb.com/images/M/MV5BMTkwNDc4NDQ3Nl5BMl5BanBnXkFtZTYwNTM0MjI5._V1_SX300.jpg",
  "imdbRating" : "6.3",
  "Metascore" : "N/A",
  "Box_office" : null,
  "Type" : "movie",
  "Rated" : "R",
  "Awards" : "2 wins & 4 nominations.",
  "Title" : "Wolfen",
  "imdbID" : "tt0083336"
},
{
  "_id" : "56fb882271a0651a3c24f7ef",
  "Response" : "True",
  "Language" : "English, Spanish",
  "imdbVotes" : "1,806",
  "Runtime" : "92 min",
  "Released" : "25 Sep 1981",
  "Actors" : "George Segal, Susan Saint James, Jack Warden, Dick Martin",
  "Writer" : "Stanley Shapiro",
  "Director" : "Michael Schultz",
  "Country" : "USA, UK",
  "Genre" : "Comedy",
  "Poster" : "http://ia.media-imdb.com/images/M/MV5BMTM1MjQ1NzYzOF5BMl5BanBnXkFtZTYwNzA2Mjg5._V1_SX300.jpg",
  "imdbRating" : "5.6",
  "Metascore" : "N/A",
  "Box_office" : null,
  "Type" : "movie",
  "Rated" : "PG",
  "Awards" : "N/A",
  "Title" : "Carbon Copy",
  "imdbID" : "tt0082138"
},
{
  "_id" : "56fb882271a0651a3c24f7f0",
  "Response" : "True",
  "Language" : "English",
  "imdbVotes" : "4,110",
  "Runtime" : "108 min",
  "Released" : "01 Jan 1982",
  "Actors" : "Steve Martin, Bernadette Peters, Jessica Harper, Vernel Bagneris",
  "Writer" : "Dennis Potter (written for the screen: based on original material by)",
  "Director" : "Herbert Ross",
  "Country" : "USA",
  "Genre" : "Drama, Musical, Romance",
  "Poster" : "http://ia.media-imdb.com/images/M/MV5BMjA1MjUzMTE1M15BMl5BanBnXkFtZTcwODgxODUyMQ@@._V1._CR18,16,282,396_SY132_CR2,0,89,132_AL_.jpg_V1_SX300.jpg",
  "imdbRating" : "6.5",
  "Metascore" : "N/A",
  "Box_office" : "3,600,000",
  "Type" : "movie",
  "Rated" : "R",
  "Awards" : "Nominated for 3 Oscars. Another 3 wins & 6 nominations.",
  "Title" : "Pennies from Heaven",
  "imdbID" : "tt0082894"
},
{
  "_id" : "56fb882271a0651a3c24f7f1",
  "Response" : "True",
  "Language" : "English",
  "imdbVotes" : "3,125",
  "Runtime" : "100 min",
  "Released" : "14 Aug 1981",
  "Actors" : "Maren Jensen, Sharon Stone, Susan Buckner, Jeff East",
  "Writer" : "Glenn M. Benest (story), Matthew Barr (story), Glenn M. Benest (screenplay), Matthew Barr (screenplay), Wes Craven (screenplay)",
  "Director" : "Wes Craven",
  "Country" : "USA",
  "Genre" : "Horror",
  "Poster" : "http://ia.media-imdb.com/images/M/MV5BNjE1ZTJjMDMtNjI2NS00MmQxLThlZTktYjZiN2U3MjkzNTBjXkEyXkFqcGdeQXVyMTQxNzMzNDI@._V1_SX300.jpg",
  "imdbRating" : "5.5",
  "Metascore" : "N/A",
  "Box_office" : null,
  "Type" : "movie",
  "Rated" : "R",
  "Awards" : "2 nominations.",
  "Title" : "Deadly Blessing",
  "imdbID" : "tt0082245"
},
{
  "_id" : "56fb882271a0651a3c24f7f2",
  "Response" : "True",
  "Language" : "English",
  "imdbVotes" : "2,124",
  "Runtime" : "119 min",
  "Released" : "22 Jan 1982",
  "Actors" : "Richard Dreyfuss, John Cassavetes, Christine Lahti, Bob Balaban",
  "Writer" : "Brian Clark (play), Brian Clark (screenplay), Reginald Rose (screenplay)",
  "Director" : "John Badham",
  "Country" : "USA",
  "Genre" : "Drama",
  "Poster" : "http://ia.media-imdb.com/images/M/MV5BMTk0NTc5NTg4OV5BMl5BanBnXkFtZTcwOTM2ODI0MQ@@._V1_SX300.jpg",
  "imdbRating" : "7.4",
  "Metascore" : "N/A",
  "Box_office" : null,
  "Type" : "movie",
  "Rated" : "R",
  "Awards" : "N/A",
  "Title" : "Whose Life Is It Anyway?",
  "imdbID" : "tt0083326"
},
{
  "_id" : "56fb882271a0651a3c24f7f3",
  "Response" : "True",
  "Language" : "English, Spanish, Italian",
  "imdbVotes" : "4,996",
  "Runtime" : "167 min",
  "Released" : "21 Aug 1981",
  "Actors" : "Treat Williams, Jerry Orbach, Richard Foronjy, Don Billett",
  "Writer" : "Jay Presson Allen (screenplay), Sidney Lumet (screenplay), Robert Daley (book)",
  "Director" : "Sidney Lumet",
  "Country" : "USA",
  "Genre" : "Crime, Drama",
  "Poster" : "http://ia.media-imdb.com/images/M/MV5BMTkyMzU3MTEyNF5BMl5BanBnXkFtZTgwMDUyNjIzMTE@._V1_SX300.jpg",
  "imdbRating" : "7.7",
  "Metascore" : "N/A",
  "Box_office" : null,
  "Type" : "movie",
  "Rated" : "R",
  "Awards" : "Nominated for 1 Oscar. Another 4 wins & 14 nominations.",
  "Title" : "Prince of the City",
  "imdbID" : "tt0082945"
},
{
  "_id" : "56fb882271a0651a3c24f7f4",
  "Response" : "True",
  "Language" : "English",
  "imdbVotes" : "3,185",
  "Runtime" : "96 min",
  "Released" : "11 Dec 1981",
  "Actors" : "Jack Lemmon, Walter Matthau, Paula Prentiss, Klaus Kinski",
  "Writer" : "Francis Veber (play), Francis Veber (story), Billy Wilder, I.A.L. Diamond",
  "Director" : "Billy Wilder",
  "Country" : "USA",
  "Genre" : "Comedy",
  "Poster" : "http://ia.media-imdb.com/images/M/MV5BMTk1ODcxNjY2OV5BMl5BanBnXkFtZTgwMjA1MjEyMDE@._V1_SX300.jpg",
  "imdbRating" : "6.6",
  "Metascore" : "N/A",
  "Box_office" : "5,000,000",
  "Type" : "movie",
  "Rated" : "R",
  "Awards" : "2 nominations.",
  "Title" : "Buddy Buddy",
  "imdbID" : "tt0082111"
},
{
  "_id" : "56fb882271a0651a3c24f7f5",
  "Response" : "True",
  "Language" : "English",
  "imdbVotes" : "1,376",
  "Runtime" : "113 min",
  "Released" : "16 Oct 1981",
  "Actors" : "Peter Falk, Vicki Frederick, Laurene Landon, Burt Young",
  "Writer" : "Mel Frohman",
  "Director" : "Robert Aldrich",
  "Country" : "USA",
  "Genre" : "Comedy, Drama, Sport",
  "Poster" : "http://ia.media-imdb.com/images/M/MV5BMTM2Nzg0NTU3M15BMl5BanBnXkFtZTcwNDQwOTIxMw@@._V1_SX300.jpg",
  "imdbRating" : "6.3",
  "Metascore" : "N/A",
  "Box_office" : null,
  "Type" : "movie",
  "Rated" : "R",
  "Awards" : "1 win.",
  "Title" : "...All the Marbles",
  "imdbID" : "tt0081964"
},
{
  "_id" : "56fb882271a0651a3c24f7f6",
  "Response" : "True",
  "Language" : "English",
  "imdbVotes" : "2,964",
  "Runtime" : "103 min",
  "Released" : "13 Feb 1981",
  "Actors" : "William Hurt, Sigourney Weaver, Christopher Plummer, James Woods",
  "Writer" : "Steve Tesich",
  "Director" : "Peter Yates",
  "Country" : "USA",
  "Genre" : "Romance, Thriller",
  "Poster" : "http://ia.media-imdb.com/images/M/MV5BMTM1MTA1NDY3Ml5BMl5BanBnXkFtZTcwNzIzNjAzMQ@@._V1_SX300.jpg",
  "imdbRating" : "6.1",
  "Metascore" : "N/A",
  "Box_office" : null,
  "Type" : "movie",
  "Rated" : "R",
  "Awards" : "N/A",
  "Title" : "Eyewitness",
  "imdbID" : "tt0082353"
},
{
  "_id" : "56fb882271a0651a3c24f7f7",
  "Response" : "True",
  "Language" : "English",
  "imdbVotes" : "29,081",
  "Runtime" : "110 min",
  "Released" : "28 Aug 1981",
  "Actors" : "Mark Lee, Bill Kerr, Harold Hopkins, Charles Lathalu Yunipingu",
  "Writer" : "Peter Weir (story), David Williamson (screenplay)",
  "Director" : "Peter Weir",
  "Country" : "Australia",
  "Genre" : "Adventure, Drama, History",
  "Poster" : "http://ia.media-imdb.com/images/M/MV5BMTc2NDgyNDEzNF5BMl5BanBnXkFtZTcwMDExNTI3MQ@@._V1._CR13,56,329,443_SY132_CR4,0,89,132_AL_.jpg_V1_SX300.jpg",
  "imdbRating" : "7.5",
  "Metascore" : "65",
  "Box_office" : null,
  "Type" : "movie",
  "Rated" : "PG",
  "Awards" : "Nominated for 1 Golden Globe. Another 11 wins & 5 nominations.",
  "Title" : "Gallipoli",
  "imdbID" : "tt0082432"
},
{
  "_id" : "56fb882271a0651a3c24f7f8",
  "Response" : "True",
  "Language" : "English",
  "imdbVotes" : "609",
  "Runtime" : "87 min",
  "Released" : "10 Apr 1981",
  "Actors" : "Tony Danza, Jessica Walter, Stacey Nelkin, Danny DeVito",
  "Writer" : "Jeremy Joe Kronsberg",
  "Director" : "Jeremy Joe Kronsberg",
  "Country" : "USA, UK",
  "Genre" : "Comedy, Crime, Family",
  "Poster" : "http://ia.media-imdb.com/images/M/MV5BODEyNzE4NjgzN15BMl5BanBnXkFtZTYwMDE2Mjg5._V1_SX300.jpg",
  "imdbRating" : "3.6",
  "Metascore" : "N/A",
  "Box_office" : null,
  "Type" : "movie",
  "Rated" : "PG",
  "Awards" : "3 nominations.",
  "Title" : "Going Ape!",
  "imdbID" : "tt0082457"
},
{
  "_id" : "56fb882271a0651a3c24f7f9",
  "Response" : "True",
  "Language" : "English",
  "imdbVotes" : "3,210",
  "Runtime" : "86 min",
  "Released" : "07 Aug 1981",
  "Actors" : "Kristen Riter, Matthew Goldsby, Jerry Belson, Joe Flood",
  "Writer" : "Mickey Rose",
  "Director" : "Mickey Rose, Michael Ritchie",
  "Country" : "USA",
  "Genre" : "Comedy, Horror",
  "Poster" : "http://ia.media-imdb.com/images/M/MV5BMTI5ODcyNTE4MV5BMl5BanBnXkFtZTcwMDQ2NjcyMg@@._V1_SX300.jpg",
  "imdbRating" : "5.7",
  "Metascore" : "N/A",
  "Box_office" : null,
  "Type" : "movie",
  "Rated" : "R",
  "Awards" : "N/A",
  "Title" : "Student Bodies",
  "imdbID" : "tt0083133"
},
{
  "_id" : "56fb882271a0651a3c24f7fa",
  "Response" : "True",
  "Language" : "English",
  "imdbVotes" : "1,273",
  "Runtime" : "87 min",
  "Released" : "06 Mar 1981",
  "Actors" : "Gene Hackman, Barbra Streisand, Diane Ladd, Dennis Quaid",
  "Writer" : "W.D. Richter",
  "Director" : "Jean-Claude Tramont",
  "Country" : "USA",
  "Genre" : "Comedy, Drama, Romance",
  "Poster" : "http://ia.media-imdb.com/images/M/MV5BMTc5OTM5MzcxM15BMl5BanBnXkFtZTYwMjA2Mjg5._V1_SX300.jpg",
  "imdbRating" : "6.0",
  "Metascore" : "N/A",
  "Box_office" : null,
  "Type" : "movie",
  "Rated" : "R",
  "Awards" : "2 nominations.",
  "Title" : "All Night Long",
  "imdbID" : "tt0082001"
},
{
  "_id" : "56fb882271a0651a3c24f7fb",
  "Response" : "True",
  "Language" : "English",
  "imdbVotes" : "747",
  "Runtime" : "100 min",
  "Released" : "13 Nov 1981",
  "Actors" : "Robert Duvall, Treat Williams, Kathryn Harrold, Ed Flanders",
  "Writer" : "J.D. Reed (book), Jeffrey Alan Fiskin (screenplay)",
  "Director" : "Roger Spottiswoode, Buzz Kulik",
  "Country" : "USA",
  "Genre" : "Adventure, Crime, Thriller",
  "Poster" : "http://ia.media-imdb.com/images/M/MV5BMTQ5NzQ2MTc1MF5BMl5BanBnXkFtZTYwMTMyOTg5._V1_SX300.jpg",
  "imdbRating" : "5.7",
  "Metascore" : "N/A",
  "Box_office" : null,
  "Type" : "movie",
  "Rated" : "PG",
  "Awards" : "1 win.",
  "Title" : "The Pursuit of D.B. Cooper",
  "imdbID" : "tt0082958"
},
{
  "_id" : "56fb882271a0651a3c24f7fc",
  "Response" : "True",
  "Language" : "English",
  "imdbVotes" : "801",
  "Runtime" : "103 min",
  "Released" : "01 Jan 1982",
  "Actors" : "Daniel Valdez, Edward James Olmos, Charles Aidman, Tyne Daly",
  "Writer" : "Luis Valdez (play)",
  "Director" : "Luis Valdez",
  "Country" : "USA",
  "Genre" : "Drama, Musical",
  "Poster" : "http://ia.media-imdb.com/images/M/MV5BMzUxMjEwNTQ5OV5BMl5BanBnXkFtZTcwMTIwOTkxMQ@@._V1_SX300.jpg",
  "imdbRating" : "6.8",
  "Metascore" : "N/A",
  "Box_office" : null,
  "Type" : "movie",
  "Rated" : "R",
  "Awards" : "Nominated for 1 Golden Globe. Another 1 win.",
  "Title" : "Zoot Suit",
  "imdbID" : "tt0083365"
},
{
  "_id" : "56fb882271a0651a3c24f7fd",
  "Response" : "True",
  "Language" : "English",
  "imdbVotes" : "269",
  "Runtime" : "94 min",
  "Released" : "24 Jul 1981",
  "Actors" : "Susan Anspach, Howie Mandel, Sterling Hayden, Helen Shaver",
  "Writer" : "Susan Scranton (story), Dick Wolf (screenplay), Dick Wolf (story)",
  "Director" : "Les Rose",
  "Country" : "Canada",
  "Genre" : "Comedy",
  "Poster" : "N/A",
  "imdbRating" : "2.6",
  "Metascore" : "N/A",
  "Box_office" : null,
  "Type" : "movie",
  "Rated" : "R",
  "Awards" : "N/A",
  "Title" : "Gas",
  "imdbID" : "tt0082440"
},
{
  "_id" : "56fb882271a0651a3c24f7fe",
  "Response" : "True",
  "Language" : "English",
  "imdbVotes" : "1,816",
  "Runtime" : "93 min",
  "Released" : "13 Mar 1981",
  "Actors" : "Albert Brooks, Kathryn Harrold, Tyann Means, Bruno Kirby",
  "Writer" : "Albert Brooks, Monica Mcgowan Johnson",
  "Director" : "Albert Brooks",
  "Country" : "USA",
  "Genre" : "Comedy, Romance",
  "Poster" : "http://ia.media-imdb.com/images/M/MV5BMjMwOTE1ODg0M15BMl5BanBnXkFtZTgwODU2NjAxMDE@._V1_SX300.jpg",
  "imdbRating" : "7.0",
  "Metascore" : "N/A",
  "Box_office" : null,
  "Type" : "movie",
  "Rated" : "R",
  "Awards" : "N/A",
  "Title" : "Modern Romance",
  "imdbID" : "tt0082764"
},
{
  "_id" : "56fb882271a0651a3c24f7ff",
  "Response" : "True",
  "Language" : "English",
  "imdbVotes" : "4,253",
  "Runtime" : "104 min",
  "Released" : "24 Apr 1981",
  "Actors" : "Michael Caine, Andrea Marcovicci, Annie McEnroe, Bruce McGill",
  "Writer" : "Marc Brandel (novel), Oliver Stone (screenplay)",
  "Director" : "Oliver Stone",
  "Country" : "USA",
  "Genre" : "Drama, Horror, Thriller",
  "Poster" : "http://ia.media-imdb.com/images/M/MV5BMTI1NjQyODc1MF5BMl5BanBnXkFtZTcwNTA2ODA1MQ@@._V1_SX300.jpg",
  "imdbRating" : "5.4",
  "Metascore" : "N/A",
  "Box_office" : null,
  "Type" : "movie",
  "Rated" : "R",
  "Awards" : "2 nominations.",
  "Title" : "The Hand",
  "imdbID" : "tt0082497"
},
{
  "_id" : "56fb882271a0651a3c24f800",
  "Response" : "True",
  "Language" : "English",
  "imdbVotes" : "1,017",
  "Runtime" : "78 min",
  "Released" : "18 Dec 1981",
  "Actors" : "Andy Kaufman, Bernadette Peters, Randy Quaid, Kenneth McMillan",
  "Writer" : "John Hill",
  "Director" : "Allan Arkush",
  "Country" : "USA",
  "Genre" : "Sci-Fi, Comedy",
  "Poster" : "http://ia.media-imdb.com/images/M/MV5BMjI2Mjk2MjYzMV5BMl5BanBnXkFtZTYwMzczNjg5._V1_SX300.jpg",
  "imdbRating" : "4.2",
  "Metascore" : "N/A",
  "Box_office" : null,
  "Type" : "movie",
  "Rated" : "PG",
  "Awards" : "Nominated for 1 Oscar. Another 8 nominations.",
  "Title" : "Heartbeeps",
  "imdbID" : "tt0082507"
},
{
  "_id" : "56fb882271a0651a3c24f801",
  "Response" : "True",
  "Language" : "English",
  "imdbVotes" : "804",
  "Runtime" : "110 min",
  "Released" : "10 Apr 1981",
  "Actors" : "David Scott, Paul Boensch III, Johnny Harra, Lawrence Koller",
  "Writer" : "Malcolm Leo, Andrew Solt",
  "Director" : "Malcolm Leo, Andrew Solt",
  "Country" : "USA",
  "Genre" : "Biography, Music",
  "Poster" : "http://ia.media-imdb.com/images/M/MV5BNDczMDE3NTg5Nl5BMl5BanBnXkFtZTcwMjY0OTM1MQ@@._V1_SX300.jpg",
  "imdbRating" : "7.4",
  "Metascore" : "N/A",
  "Box_office" : null,
  "Type" : "movie",
  "Rated" : "PG",
  "Awards" : "N/A",
  "Title" : "This Is Elvis",
  "imdbID" : "tt0083193"
},
{
  "_id" : "56fb882271a0651a3c24f802",
  "Response" : "True",
  "Language" : "English",
  "imdbVotes" : "864",
  "Runtime" : "118 min",
  "Released" : "11 Feb 1981",
  "Actors" : "Lesley-Anne Down, Frank Langella, Maurice Ronet, John Gielgud",
  "Writer" : "John Byrum (screenplay), Robin Cook (novel)",
  "Director" : "Franklin J. Schaffner",
  "Country" : "USA, Netherlands",
  "Genre" : "Adventure, Mystery, Thriller",
  "Poster" : "http://ia.media-imdb.com/images/M/MV5BMTMxMjk3NTc2OF5BMl5BanBnXkFtZTcwMTQ3NjYxNA@@._V1_SX300.jpg",
  "imdbRating" : "5.2",
  "Metascore" : "N/A",
  "Box_office" : "800,000",
  "Type" : "movie",
  "Rated" : "PG",
  "Awards" : "N/A",
  "Title" : "Sphinx",
  "imdbID" : "tt0083113"
},
{
  "_id" : "56fb882271a0651a3c24f803",
  "Response" : "True",
  "Language" : "English",
  "imdbVotes" : "696",
  "Runtime" : "107 min",
  "Released" : "21 Aug 1981",
  "Actors" : "David Rasche, Paul Jabara, Howard Hesseman, Teri Garr",
  "Writer" : "Edward Clinton",
  "Director" : "John Schlesinger",
  "Country" : "USA, UK",
  "Genre" : "Action, Comedy",
  "Poster" : "http://ia.media-imdb.com/images/M/MV5BNjk0MTA2MTA3MV5BMl5BanBnXkFtZTcwMjQ1MTQyMQ@@._V1_SX300.jpg",
  "imdbRating" : "5.0",
  "Metascore" : "N/A",
  "Box_office" : null,
  "Type" : "movie",
  "Rated" : "PG",
  "Awards" : "4 nominations.",
  "Title" : "Honky Tonk Freeway",
  "imdbID" : "tt0082525"
},
{
  "_id" : "56fb882271a0651a3c24f804",
  "Response" : "True",
  "Language" : "English",
  "imdbVotes" : "1,059",
  "Runtime" : "94 min",
  "Released" : "18 Sep 1981",
  "Actors" : "Sissy Spacek, Eric Roberts, Sam Shepard, William Sanderson",
  "Writer" : "William D. Wittliff",
  "Director" : "Jack Fisk",
  "Country" : "USA",
  "Genre" : "Drama",
  "Poster" : "http://ia.media-imdb.com/images/M/MV5BMTY2NjU5NTAwNl5BMl5BanBnXkFtZTcwODMzMTcyMQ@@._V1_SX300.jpg",
  "imdbRating" : "6.8",
  "Metascore" : "N/A",
  "Box_office" : null,
  "Type" : "movie",
  "Rated" : "PG",
  "Awards" : "Nominated for 1 Golden Globe. Another 1 nomination.",
  "Title" : "Raggedy Man",
  "imdbID" : "tt0082969"
},
{
  "_id" : "56fb882271a0651a3c24f805",
  "Response" : "True",
  "Language" : "English",
  "imdbVotes" : "197",
  "Runtime" : "90 min",
  "Released" : "01 May 1981",
  "Actors" : "Harry Hamlin, Joseph Bottoms, Deborah Van Valkenburgh, Richard Cox",
  "Writer" : "David Barry (article), Leigh Chapman, H.R. Christian",
  "Director" : "Noel Nosseck",
  "Country" : "USA",
  "Genre" : "Drama",
  "Poster" : "http://ia.media-imdb.com/images/M/MV5BNGRlNmNjNzItMzZiYS00NzdiLTlkMzgtZDllYTA3MWZiZjE4XkEyXkFqcGdeQXVyMjUyNDk2ODc@._V1_SX300.jpg",
  "imdbRating" : "5.8",
  "Metascore" : "N/A",
  "Box_office" : null,
  "Type" : "movie",
  "Rated" : "PG",
  "Awards" : "N/A",
  "Title" : "King of the Mountain",
  "imdbID" : "tt0082619"
},
{
  "_id" : "56fb882271a0651a3c24f806",
  "Response" : "True",
  "Language" : "English",
  "imdbVotes" : "3,409",
  "Runtime" : "109 min",
  "Released" : "10 Feb 1982",
  "Actors" : "Jeff Bridges, John Heard, Lisa Eichhorn, Ann Dusenberry",
  "Writer" : "Newton Thornburg (novel), Jeffrey Alan Fiskin (screenplay)",
  "Director" : "Ivan Passer",
  "Country" : "USA",
  "Genre" : "Crime, Drama, Mystery",
  "Poster" : "http://ia.media-imdb.com/images/M/MV5BMTc1NDE5OTE1MV5BMl5BanBnXkFtZTcwMzQwMTYyMQ@@._V1_SX300.jpg",
  "imdbRating" : "6.9",
  "Metascore" : "N/A",
  "Box_office" : null,
  "Type" : "movie",
  "Rated" : "R",
  "Awards" : "2 wins & 2 nominations.",
  "Title" : "Cutter's Way",
  "imdbID" : "tt0082220"
},
{
  "_id" : "56fb882271a0651a3c24f807",
  "Response" : "True",
  "Language" : "English",
  "imdbVotes" : "172",
  "Runtime" : "94 min",
  "Released" : "23 Oct 1981",
  "Actors" : "Ellen Burstyn, Tom Skerritt, Gordon Pinsent, Jennifer McKinney",
  "Writer" : "Ben East (book), Olive Fredrickson (book), Patricia Louisianna Knop",
  "Director" : "Allan King",
  "Country" : "Canada",
  "Genre" : "Drama",
  "Poster" : "http://ia.media-imdb.com/images/M/MV5BMTkwOTE4NjkwMF5BMl5BanBnXkFtZTYwNjI2Mjg5._V1_SX300.jpg",
  "imdbRating" : "6.7",
  "Metascore" : "N/A",
  "Box_office" : null,
  "Type" : "movie",
  "Rated" : "PG",
  "Awards" : "1 win & 8 nominations.",
  "Title" : "Silence of the North",
  "imdbID" : "tt0083079"
},
{
  "_id" : "56fb882271a0651a3c24f808",
  "Response" : "True",
  "Language" : "English, Mandarin",
  "imdbVotes" : "338",
  "Runtime" : "84 min",
  "Released" : "10 Dec 1981",
  "Actors" : "Isaac Stern, David Golub, Li Delun, Ching-Ling Soong",
  "Writer" : "N/A",
  "Director" : "Murray Lerner",
  "Country" : "USA",
  "Genre" : "Documentary, Music",
  "Poster" : "http://ia.media-imdb.com/images/M/MV5BMTk4MzkwMjU0NV5BMl5BanBnXkFtZTcwNTE0MzcyMQ@@._V1_SX300.jpg",
  "imdbRating" : "7.8",
  "Metascore" : "N/A",
  "Box_office" : null,
  "Type" : "movie",
  "Rated" : "G",
  "Awards" : "N/A",
  "Title" : "From Mao to Mozart: Isaac Stern in China",
  "imdbID" : "tt0080762"
},
{
  "_id" : "56fb882271a0651a3c24f809",
  "Response" : "True",
  "Language" : "English",
  "imdbVotes" : "1,033",
  "Runtime" : "88 min",
  "Released" : "24 Apr 1981",
  "Actors" : "Leonard Mann, Rachel Ward, Drew Snyder, Joseph R. Sicari",
  "Writer" : "Ruth Avergon",
  "Director" : "Ken Hughes",
  "Country" : "USA",
  "Genre" : "Horror, Mystery",
  "Poster" : "http://ia.media-imdb.com/images/M/MV5BMjEyNjU0MzAxN15BMl5BanBnXkFtZTYwNzc0ODg5._V1_SX300.jpg",
  "imdbRating" : "5.0",
  "Metascore" : "N/A",
  "Box_office" : null,
  "Type" : "movie",
  "Rated" : "R",
  "Awards" : "1 win & 1 nomination.",
  "Title" : "Night School",
  "imdbID" : "tt0082812"
},
{
  "_id" : "56fb882271a0651a3c24f80a",
  "Response" : "True",
  "Language" : "English",
  "imdbVotes" : "1,232",
  "Runtime" : "84 min",
  "Released" : "27 Mar 1981",
  "Actors" : "Lauren Tewes, Jennifer Jason Leigh, John DiSanti, Peter DuPre",
  "Writer" : "Eric L. Bloom, Ron Kurz",
  "Director" : "Ken Wiederhorn",
  "Country" : "USA",
  "Genre" : "Horror, Thriller",
  "Poster" : "http://ia.media-imdb.com/images/M/MV5BMjE4NDc2MTExN15BMl5BanBnXkFtZTcwNDg1ODA1MQ@@._V1_SX300.jpg",
  "imdbRating" : "5.9",
  "Metascore" : "N/A",
  "Box_office" : null,
  "Type" : "movie",
  "Rated" : "R",
  "Awards" : "N/A",
  "Title" : "Eyes of a Stranger",
  "imdbID" : "tt0082352"
},
{
  "_id" : "56fb882271a0651a3c24f80b",
  "Response" : "True",
  "Language" : "English",
  "imdbVotes" : "326",
  "Runtime" : "97 min",
  "Released" : "24 Apr 1981",
  "Actors" : "Scott Glenn, Diane Lane, Burt Lancaster, Amanda Plummer",
  "Writer" : "David Eyre, Robert Ward (novel), Robert Ward (screen story)",
  "Director" : "Lamont Johnson",
  "Country" : "USA",
  "Genre" : "Drama, Western",
  "Poster" : "N/A",
  "imdbRating" : "6.1",
  "Metascore" : "N/A",
  "Box_office" : null,
  "Type" : "movie",
  "Rated" : "PG",
  "Awards" : "1 win.",
  "Title" : "Cattle Annie and Little Britches",
  "imdbID" : "tt0082145"
},
{
  "_id" : "56fb882271a0651a3c24f80c",
  "Response" : "True",
  "Language" : "English",
  "imdbVotes" : "373",
  "Runtime" : "104 min",
  "Released" : "01 Apr 1981",
  "Actors" : "Jan-Michael Vincent, Kim Basinger, Michael Parks, Gailard Sartain",
  "Writer" : "Michael Kane (story), Michael Martin Murphey (story), Michael Kane",
  "Director" : "David Greene",
  "Country" : "USA",
  "Genre" : "Drama",
  "Poster" : "http://ia.media-imdb.com/images/M/MV5BMTM5OTE2NDc2MF5BMl5BanBnXkFtZTYwMTE2Mjg5._V1_SX300.jpg",
  "imdbRating" : "6.2",
  "Metascore" : "N/A",
  "Box_office" : null,
  "Type" : "movie",
  "Rated" : "R",
  "Awards" : "1 nomination.",
  "Title" : "Hard Country",
  "imdbID" : "tt0082499"
},
{
  "_id" : "56fb882271a0651a3c24f80d",
  "Response" : "True",
  "Language" : "Polish",
  "imdbVotes" : "1,996",
  "Runtime" : "153 min",
  "Released" : "27 Jul 1981",
  "Actors" : "Jerzy Radziwilowicz, Krystyna Janda, Marian Opania, Wieslawa Kosmalska",
  "Writer" : "Aleksander Scibor-Rylski (scenario)",
  "Director" : "Andrzej Wajda",
  "Country" : "Poland",
  "Genre" : "Drama, History",
  "Poster" : "http://ia.media-imdb.com/images/M/MV5BMjIyMzAzNzIwOF5BMl5BanBnXkFtZTgwMjU0MjkwMTE@._V1_SX300.jpg",
  "imdbRating" : "7.6",
  "Metascore" : "N/A",
  "Box_office" : null,
  "Type" : "movie",
  "Rated" : "PG",
  "Awards" : "Nominated for 1 Oscar. Another 6 wins & 3 nominations.",
  "Title" : "Man of Iron",
  "imdbID" : "tt0082222"
},
{
  "_id" : "56fb882271a0651a3c24f80e",
  "Response" : "True",
  "Language" : "English",
  "imdbVotes" : "32",
  "Runtime" : "94 min",
  "Released" : "20 Mar 1981",
  "Actors" : "Robert Logan, Twyla-Dawn Vokins, George Clutesi, Elaine Nalee",
  "Writer" : "Robert Logan",
  "Director" : "Christopher Chapman",
  "Country" : "Canada",
  "Genre" : "Drama",
  "Poster" : "N/A",
  "imdbRating" : "5.9",
  "Metascore" : "N/A",
  "Box_office" : null,
  "Type" : "movie",
  "Rated" : "N/A",
  "Awards" : "N/A",
  "Title" : "Kelly",
  "imdbID" : "tt0082606"
},
{
  "_id" : "56fb882271a0651a3c24f80f",
  "Response" : "True",
  "Language" : "English",
  "imdbVotes" : "92",
  "Runtime" : "102 min",
  "Released" : "15 Jan 1982",
  "Actors" : "Robert Blake, Barbara Harris, Collin Boone, Amber Rose Gold",
  "Writer" : "Charles Eastman",
  "Director" : "Hal Ashby",
  "Country" : "USA",
  "Genre" : "Comedy",
  "Poster" : "http://ia.media-imdb.com/images/M/MV5BOGE0NmMwOWUtMDg5Mi00MjM5LWEwNmQtY2MzNjE3MTIzZDE0XkEyXkFqcGdeQXVyMjUyNDk2ODc@._V1_SX300.jpg",
  "imdbRating" : "5.9",
  "Metascore" : "N/A",
  "Box_office" : null,
  "Type" : "movie",
  "Rated" : "PG",
  "Awards" : "N/A",
  "Title" : "Second-Hand Hearts",
  "imdbID" : "tt0083041"
}

]